ISO Code,Country,Uncertainty bounds*,U5MR.2000,U5MR.2001,U5MR.2002,U5MR.2003,U5MR.2004,U5MR.2005,U5MR.2006,U5MR.2007,U5MR.2008,U5MR.2009,U5MR.2010,U5MR.2011,U5MR.2012,U5MR.2013,U5MR.2014,U5MR.2015,U5MR.2016,U5MR.2017
AFG,Afghanistan,Lower,119.4,116.1,112.6,109,105.4,101.7,97.9,93.9,89.7,85.4,81,76.5,71.7,67.1,62.8,58.7,55.3,52
AFG,Afghanistan,Median,128.8,125.3,121.7,117.9,114.1,110.1,106.1,102,97.9,93.9,90,86.2,82.6,79.2,76,73.1,70.4,67.9
AFG,Afghanistan,Upper,139.6,136,132.3,128.2,124,119.6,115.1,110.9,106.8,103,99.6,96.5,93.6,91,88.7,86.6,85.3,84.5
AGO,Angola,Lower,182.2,176,168.7,160.6,151.5,141,129.9,118.3,106.6,95.2,84.2,73.9,64.6,57.1,50.9,46.4,42.5,39.2
AGO,Angola,Median,206.3,200.3,193.4,185.7,177,167.8,158.2,148.7,139.3,130,121.3,113.2,105.8,99.2,93.6,88.9,84.6,81.1
AGO,Angola,Upper,235.6,230.2,223.5,215.5,207.1,199.2,191.1,184.1,177.8,172.1,167.5,163.8,160.1,156.7,153.4,150.7,148.5,145.5
ALB,Albania,Lower,21.3,20,18.6,17.4,16.2,15.2,14.2,13.3,12.5,11.9,11.3,10.7,10.2,9.7,9.3,9,8.6,8.3
ALB,Albania,Median,24.5,22.9,21.4,19.9,18.5,17.2,16,14.8,13.8,12.8,12,11.3,10.7,10.1,9.7,9.4,9.1,8.8
ALB,Albania,Upper,28,26.3,24.5,22.8,21.1,19.5,18,16.5,15.1,13.9,12.8,11.9,11.1,10.5,10.1,9.7,9.5,9.4
AND,Andorra,Lower,3.7,3.6,3.5,3.4,3.3,3.3,3.3,3.2,3.2,3.2,3.1,3,2.9,2.8,2.6,2.5,2.4,2.2
AND,Andorra,Median,5,4.8,4.7,4.5,4.4,4.3,4.2,4.2,4.1,4,3.9,3.9,3.8,3.7,3.6,3.5,3.4,3.3
AND,Andorra,Upper,6.8,6.5,6.3,6,5.8,5.6,5.4,5.3,5.2,5.1,5,5,5,5,5.1,5.1,5.1,5.1
ARE,United Arab Emirates,Lower,10.6,10.5,10.3,10,9.7,9.4,9.1,8.8,8.6,8.3,8.2,8,8,8.1,8.2,8.4,8.4,8.4
ARE,United Arab Emirates,Median,11.2,10.9,10.6,10.3,10,9.7,9.4,9.1,8.8,8.6,8.4,8.3,8.2,8.3,8.5,8.7,9,9.1
ARE,United Arab Emirates,Upper,11.9,11.4,11,10.6,10.3,10,9.7,9.4,9.1,8.9,8.7,8.5,8.4,8.5,8.7,9.1,9.5,10
ARG,Argentina,Lower,19.4,18.6,17.9,17.3,16.7,16.2,15.7,15.4,15.1,14.7,14.2,13.7,13.1,12.4,11.8,11.1,10.3,9.6
ARG,Argentina,Median,19.8,19,18.3,17.6,17,16.5,16.1,15.7,15.4,15,14.5,13.9,13.3,12.7,12,11.4,10.9,10.4
ARG,Argentina,Upper,20.1,19.4,18.6,17.9,17.3,16.8,16.4,16,15.7,15.3,14.8,14.2,13.6,12.9,12.3,11.8,11.4,11.2
ARM,Armenia,Lower,26.9,25.5,24.2,22.9,21.6,20.5,19.3,18.3,17.3,16.3,15.4,14.5,13.7,12.9,12.1,11.3,10.6,9.9
ARM,Armenia,Median,30,28.5,27.1,25.8,24.5,23.3,22.1,21,20,19,18,17.1,16.3,15.5,14.7,14,13.3,12.6
ARM,Armenia,Upper,33.2,31.6,30.1,28.7,27.4,26.1,25,23.8,22.8,21.9,21,20.2,19.5,18.8,18.1,17.5,17,16.5
ATG,Antigua and Barbuda,Lower,13.4,12.8,12.2,11.7,11.2,10.7,10.3,9.9,9.5,9,8.6,8.1,7.7,7.2,6.7,6.3,5.9,5.5
ATG,Antigua and Barbuda,Median,14.9,14.2,13.6,13,12.5,12,11.5,11.1,10.7,10.3,9.8,9.5,9.1,8.7,8.3,8,7.7,7.4
ATG,Antigua and Barbuda,Upper,16.5,15.8,15.2,14.6,14,13.5,13,12.5,12.1,11.6,11.3,10.9,10.7,10.4,10.3,10.1,10.1,10
AUS,Australia,Lower,6.1,6,5.9,5.8,5.7,5.6,5.5,5.3,5.1,4.9,4.7,4.5,4.3,4.1,3.9,3.7,3.5,3.3
AUS,Australia,Median,6.2,6.1,6,5.9,5.8,5.7,5.6,5.4,5.2,5,4.8,4.6,4.3,4.2,4,3.8,3.7,3.5
AUS,Australia,Upper,6.3,6.2,6.1,6,5.9,5.8,5.7,5.5,5.3,5.1,4.9,4.7,4.4,4.2,4.1,3.9,3.8,3.7
AUT,Austria,Lower,5.3,5.2,5.1,5,4.9,4.7,4.6,4.5,4.4,4.3,4.2,4,3.9,3.8,3.6,3.6,3.5,3.3
AUT,Austria,Median,5.5,5.4,5.3,5.2,5.1,4.9,4.8,4.6,4.5,4.4,4.3,4.2,4.1,3.9,3.8,3.7,3.6,3.6
AUT,Austria,Upper,5.7,5.6,5.5,5.4,5.2,5.1,4.9,4.8,4.7,4.6,4.5,4.4,4.2,4.1,4,3.9,3.8,3.8
AZE,Azerbaijan,Lower,66.5,61.4,56.4,52.1,48.2,44.7,41.6,38.7,35.9,33.2,30.7,28.3,26,23.7,21.7,19.6,17.6,15.9
AZE,Azerbaijan,Median,74.7,69.5,64.5,59.9,55.7,52,48.7,45.6,42.7,40,37.4,35,32.6,30.4,28.4,26.4,24.6,23
AZE,Azerbaijan,Upper,83.6,78.1,72.8,68,63.8,59.9,56.4,53.3,50.5,47.9,45.4,43,40.8,38.7,36.7,35.2,34.1,33.1
BDI,Burundi,Lower,142.5,137,131.4,125.1,118.7,112,105,97.8,90.8,83.7,77.2,71.2,65.5,59.9,54.7,50,45.9,42.4
BDI,Burundi,Median,156.7,151,145.1,139,132.5,125.4,118,110.6,103.4,96.7,90.6,85.1,79.9,75.2,70.8,67.1,63.9,61.2
BDI,Burundi,Upper,172.1,166.3,160.7,154.8,148.3,140.5,132.4,124.5,117.5,111,105.6,100.6,96.6,93.4,91.2,89.5,88,87.1
BEL,Belgium,Lower,5.7,5.5,5.3,5.2,5,4.9,4.8,4.7,4.6,4.4,4.4,4.3,4.2,4.1,3.9,3.8,3.6,3.4
BEL,Belgium,Median,5.9,5.7,5.5,5.3,5.2,5,4.9,4.8,4.7,4.6,4.5,4.4,4.3,4.2,4.1,4,3.9,3.8
BEL,Belgium,Upper,6,5.8,5.6,5.5,5.3,5.2,5,4.9,4.8,4.7,4.6,4.5,4.4,4.3,4.2,4.2,4.2,4.1
BEN,Benin,Lower,133,129.5,125.6,121.4,117.1,112.9,109.4,106.4,104,101.8,99.7,97.2,94.5,91.3,87.4,82.9,78.5,73.8
BEN,Benin,Median,143.2,139.5,135.5,131.4,127.5,123.9,121,118.6,116.7,115,113.6,112.2,110.5,108.5,106.2,103.7,101,98.3
BEN,Benin,Upper,154.9,150.8,146.4,142,138.5,135.5,133,131.2,129.8,129.4,129.3,130.3,131.7,133.2,134.7,135.9,137.5,138
BFA,Burkina Faso,Lower,168.6,164.9,160.5,155.6,149.6,143.1,135.8,128,120.2,112.5,104.9,97.3,89.7,82.7,76.4,70.7,65.6,61
BFA,Burkina Faso,Median,180.4,176.5,172.2,167.1,161.1,154.1,146.5,138.6,130.8,123.3,116.1,109.4,103.2,97.5,92.6,88.4,84.5,81.2
BFA,Burkina Faso,Upper,192.6,188.8,184.6,179.5,173.3,166.1,158.2,150,142.1,134.7,128.1,122.5,117.8,113.9,110.8,109,108.1,107.3
BGD,Bangladesh,Lower,84.5,79.9,75.6,71.6,67.6,63.8,60.2,56.8,53.5,50.3,47.2,44.4,41.7,39,36.4,33.9,31.5,29.3
BGD,Bangladesh,Median,87.4,82.8,78.4,74.1,70.1,66.2,62.5,58.9,55.6,52.3,49.2,46.3,43.6,41,38.6,36.4,34.3,32.4
BGD,Bangladesh,Upper,90.4,85.6,81.1,76.8,72.7,68.7,64.9,61.3,57.8,54.4,51.3,48.4,45.7,43.2,41,39,37.3,35.8
BGR,Bulgaria,Lower,17.2,16.3,15.6,14.7,13.8,12.9,12.2,11.6,11.1,10.8,10.4,10,9.5,9,8.5,8,7.5,7
BGR,Bulgaria,Median,17.6,16.8,15.9,15.1,14.2,13.3,12.5,11.9,11.5,11.1,10.7,10.3,9.8,9.3,8.8,8.3,7.9,7.5
BGR,Bulgaria,Upper,18,17.2,16.3,15.5,14.6,13.6,12.9,12.3,11.8,11.4,11,10.6,10.1,9.6,9.1,8.6,8.2,7.9
BHR,Bahrain,Lower,11.9,11.4,11.1,10.8,10.5,10.2,9.8,9.4,8.9,8.5,8.1,7.8,7.6,7.3,7.1,6.8,6.5,6.2
BHR,Bahrain,Median,12.5,12,11.6,11.3,11,10.7,10.3,9.8,9.3,8.9,8.5,8.2,8,7.8,7.7,7.6,7.5,7.3
BHR,Bahrain,Upper,13.1,12.5,12.1,11.8,11.5,11.1,10.7,10.3,9.8,9.3,8.9,8.6,8.4,8.3,8.4,8.4,8.5,8.7
BHS,Bahamas,Lower,15,14.9,14.9,14.8,14.5,14.2,13.8,13.2,12.5,11.7,10.9,10,9.1,8.3,7.5,6.8,6.2,5.7
BHS,Bahamas,Median,16,15.9,15.8,15.7,15.5,15.2,14.7,14.1,13.3,12.5,11.7,10.8,10,9.3,8.6,8,7.6,7.2
BHS,Bahamas,Upper,17,16.9,16.9,16.7,16.5,16.2,15.7,15.1,14.3,13.4,12.6,11.8,11,10.4,9.9,9.5,9.3,9.1
BIH,Bosnia and Herzegovina,Lower,9.5,9.2,9,8.8,8.7,8.5,8.3,8,7.6,7.2,6.9,6.5,6.3,6,5.8,5.6,5.3,5.1
BIH,Bosnia and Herzegovina,Median,9.9,9.5,9.3,9.2,9,8.9,8.6,8.3,7.9,7.5,7.2,6.8,6.6,6.4,6.2,6,5.9,5.7
BIH,Bosnia and Herzegovina,Upper,10.2,9.9,9.6,9.5,9.4,9.2,8.9,8.6,8.2,7.8,7.5,7.2,6.9,6.7,6.6,6.5,6.5,6.5
BLR,Belarus,Lower,12.5,11.5,10.6,9.8,9,8.3,7.6,7,6.4,5.8,5.3,4.9,4.6,4.3,4.1,3.9,3.7,3.5
BLR,Belarus,Median,12.8,11.8,10.9,10,9.3,8.5,7.9,7.2,6.6,6,5.5,5.1,4.8,4.5,4.3,4.1,3.9,3.7
BLR,Belarus,Upper,13.1,12.1,11.2,10.3,9.5,8.8,8.1,7.4,6.7,6.2,5.7,5.3,4.9,4.6,4.4,4.2,4.1,4
BLZ,Belize,Lower,22.2,21.6,21.1,20.7,20.3,19.9,19.6,19.3,18.9,18.5,18,17.5,16.9,16.2,15.4,14.5,13.6,12.6
BLZ,Belize,Median,23.7,22.9,22.2,21.7,21.3,20.9,20.6,20.3,19.9,19.5,19,18.4,17.8,17.1,16.4,15.6,14.9,14.2
BLZ,Belize,Upper,25.2,24.2,23.4,22.8,22.4,22,21.6,21.2,20.9,20.4,20,19.4,18.7,18,17.4,16.8,16.4,16.1
BOL,Bolivia (Plurinational State of),Lower,74.3,70.2,66.1,62.3,58.4,54.7,51.2,47.7,44.4,41.3,38.5,36,33.5,31.2,29.1,27,25.1,23.4
BOL,Bolivia (Plurinational State of),Median,79.6,75.5,71.6,67.7,64.1,60.6,57.2,54.1,51.1,48.4,46,44,42.2,40.5,39,37.5,36.1,34.9
BOL,Bolivia (Plurinational State of),Upper,85.3,81.2,77.3,73.7,70.2,66.9,63.8,60.9,58.2,55.9,54,52.7,51.8,51.3,51,50.9,50.7,50.6
BRA,Brazil,Lower,32.6,30.5,28.5,26.7,24.9,23.4,22,20.8,19.8,18.9,18.2,17.5,16.9,16.3,15.7,15,15.2,13.3
BRA,Brazil,Median,34.7,32.5,30.5,28.5,26.6,24.9,23.3,21.9,20.7,19.6,18.7,17.9,17.3,16.7,16.2,15.7,16.3,14.8
BRA,Brazil,Upper,37.1,34.8,32.6,30.5,28.5,26.5,24.8,23.1,21.6,20.4,19.2,18.3,17.6,17.1,16.7,16.5,17.6,16.5
BRB,Barbados,Lower,14.1,14.3,14.5,14.7,14.7,14.6,14.4,14.2,13.9,13.6,13.3,12.9,12.5,11.9,11.4,10.7,10.1,9.5
BRB,Barbados,Median,15.2,15.4,15.6,15.8,15.8,15.7,15.5,15.3,15,14.8,14.5,14.2,14,13.7,13.4,13.1,12.8,12.4
BRB,Barbados,Upper,16.3,16.5,16.8,16.9,17,16.9,16.7,16.5,16.2,16,15.8,15.7,15.7,15.8,15.9,16,16.1,16.2
BRN,Brunei Darussalam,Lower,11.1,11.1,11,11,10.9,10.8,10.6,10.4,10.2,10,9.9,9.9,9.8,9.8,9.7,9.6,9.4,9.1
BRN,Brunei Darussalam,Median,11.8,11.8,11.7,11.7,11.6,11.5,11.3,11.1,10.9,10.7,10.6,10.5,10.5,10.5,10.5,10.5,10.5,10.5
BRN,Brunei Darussalam,Upper,12.5,12.5,12.5,12.5,12.4,12.3,12.1,11.9,11.7,11.5,11.4,11.3,11.3,11.3,11.4,11.6,11.8,12.1
BTN,Bhutan,Lower,70.2,66.4,62.6,58.9,55.3,51.7,48.2,44.8,41.5,38.2,35,32.3,29.9,27.7,25.8,24.1,22.4,20.9
BTN,Bhutan,Median,77.7,73.5,69.4,65.3,61.5,57.8,54.4,51.1,48.1,45.1,42.5,40.1,38.1,36.4,34.8,33.4,32,30.8
BTN,Bhutan,Upper,86.3,81.4,76.8,72.5,68.5,64.8,61.4,58.2,55.5,53.1,50.8,48.9,47.3,46.1,45.3,44.7,44.6,44.3
BWA,Botswana,Lower,68,65,60.6,55.6,50.3,43.8,38.1,34.3,31.9,29.1,25.6,24.5,22.6,21,20.1,19,18.1,17.1
BWA,Botswana,Median,87,86.5,84.5,81.9,78.2,72,65.7,61.7,59.3,55.6,49.9,48.8,46,43.1,42.2,40.6,39.3,37.6
BWA,Botswana,Upper,104.4,104.8,103.6,102.2,99.6,94.5,89.7,87.2,86.6,84.2,78.2,79,77,74.6,75.2,74.6,74.2,72.8
CAF,Central African Republic,Lower,156.5,154.6,152.4,149.8,146.8,143.5,139.8,135.7,130.5,124.8,118.5,112.2,105.7,99.9,94,87.8,81.8,76.9
CAF,Central African Republic,Median,175.2,173.7,172,170.2,168.3,166.3,163.8,161.3,158.4,154.9,150.9,146.8,142.9,139,134.8,130.2,125,121.5
CAF,Central African Republic,Upper,195.2,194.2,193.5,192.9,192.8,192.7,192.9,192.8,192.6,192.1,192.1,192.9,193.8,194.8,195.2,194.9,193.3,193.9
CAN,Canada,Lower,6.1,6.1,6,6,6,5.9,5.9,5.8,5.7,5.6,5.5,5.5,5.4,5.4,5.3,5.2,5,4.8
CAN,Canada,Median,6.2,6.2,6.1,6.1,6.1,6.1,6,5.9,5.8,5.7,5.6,5.6,5.5,5.5,5.4,5.3,5.2,5.1
CAN,Canada,Upper,6.3,6.3,6.3,6.2,6.2,6.2,6.1,6,5.9,5.8,5.7,5.7,5.6,5.6,5.5,5.5,5.5,5.5
CHE,Switzerland,Lower,5.5,5.4,5.3,5.1,5,4.9,4.8,4.7,4.6,4.5,4.4,4.3,4.3,4.2,4.2,4.1,4,3.9
CHE,Switzerland,Median,5.6,5.5,5.4,5.3,5.2,5.1,4.9,4.8,4.7,4.6,4.6,4.5,4.4,4.4,4.4,4.3,4.3,4.2
CHE,Switzerland,Upper,5.8,5.7,5.6,5.5,5.4,5.2,5.1,5,4.9,4.8,4.7,4.6,4.6,4.6,4.5,4.5,4.5,4.6
CHL,Chile,Lower,10.7,10,9.6,9.3,9.1,9,8.9,8.9,8.9,8.7,8.6,8.3,8.2,8.1,7.9,7.6,7.1,6.5
CHL,Chile,Median,10.9,10.3,9.8,9.5,9.3,9.2,9.1,9.1,9.1,9,8.8,8.5,8.4,8.3,8.1,7.9,7.7,7.4
CHL,Chile,Upper,11.1,10.5,10,9.7,9.5,9.4,9.3,9.3,9.3,9.2,9,8.7,8.6,8.5,8.3,8.2,8.2,8.4
CHN,China,Lower,34.7,32.3,29.8,27.2,24.8,22.5,20.5,18.8,17.3,16,14.8,13.7,12.7,11.8,10.8,9.9,9,8.1
CHN,China,Median,36.8,34.2,31.5,28.9,26.3,24,21.9,20,18.5,17,15.8,14.6,13.5,12.5,11.6,10.8,10,9.3
CHN,China,Upper,39,36.3,33.5,30.6,27.9,25.4,23.2,21.3,19.6,18.1,16.7,15.5,14.4,13.4,12.4,11.7,11.1,10.7
CIV,Côte d'Ivoire,Lower,136.2,133,129.6,126.1,122.5,118.7,115,111.2,107,102.7,98.8,94.8,90.7,86.6,82.4,78.5,74.2,69.9
CIV,Côte d'Ivoire,Median,146.8,143.5,140,136.5,132.7,128.8,125,121.1,117.1,113.2,109.8,106.6,103.5,100.6,97.7,94.9,91.8,88.8
CIV,Côte d'Ivoire,Upper,158,154.7,151.2,147.6,143.9,140,136.2,132.5,128.7,124.9,122,119.7,117.8,116.4,115.5,114.5,113.1,112.5
CMR,Cameroon,Lower,138.9,135.8,132,128.1,123.8,119.6,114.9,110.5,105.8,101.3,96.3,91.3,86.2,80.8,75.7,70.8,65.9,61.9
CMR,Cameroon,Median,150.3,147.2,143.6,139.8,136,132.2,128.2,124.2,119.7,115.4,110.4,105.8,101.5,97.4,93.8,90.1,86.8,84
CMR,Cameroon,Upper,162.9,159.7,156.2,152.9,149.3,146.2,142.6,139,135,131.2,126.5,122.4,119.1,116.3,114.3,112.7,111.7,111.8
COD,Democratic Republic of the Congo,Lower,146.7,142.8,138.6,134.3,129.5,124.4,119.3,113.7,108.1,102.2,96.6,91,85.9,81,76.5,72,67.6,63.6
COD,Democratic Republic of the Congo,Median,161.3,157,152.6,147.9,143.1,138.3,133.6,129,124.5,120.2,116.1,112.1,108.3,104.7,101,97.6,94.4,91.1
COD,Democratic Republic of the Congo,Upper,178.4,173.5,168.5,163.5,158.5,153.9,149.5,145.8,142.5,139.6,137,134.6,132.4,130.8,130.2,129.9,129.9,129.9
COG,Congo,Lower,103.2,101.1,97.5,92.4,86.4,79.8,73.4,67.5,62.3,58,54.1,50.1,46.1,42.3,38.8,35.8,33,30.6
COG,Congo,Median,114.3,111.9,107.7,102,95.6,88.7,82.2,76.1,70.9,66.6,63.1,60.2,57.6,55.3,53.3,51.3,49.4,47.5
COG,Congo,Upper,126.9,124.2,119.2,112.9,105.7,98.6,91.8,85.6,80.2,76,72.9,71,70.4,70.8,71.3,72.2,72.7,73.3
COK,Cook Islands,Lower,14.8,14,13.2,12.5,11.8,11,10.3,9.5,8.8,8.2,7.7,7.1,6.6,6.2,5.8,5.4,5,4.7
COK,Cook Islands,Median,16.8,16,15.2,14.5,13.7,13,12.3,11.6,11,10.4,9.9,9.5,9.1,8.8,8.4,8.1,7.9,7.6
COK,Cook Islands,Upper,19,18.2,17.5,16.8,16.1,15.4,14.8,14.2,13.7,13.2,12.9,12.7,12.5,12.4,12.3,12.2,12.2,12.2
COL,Colombia,Lower,23.2,22.4,21.7,21,20.4,19.8,19.1,18.4,17.7,17,16.3,15.6,14.8,14,13.3,12.6,11.9,11.1
COL,Colombia,Median,25,24.3,23.6,22.9,22.3,21.6,21,20.4,19.8,19.1,18.5,18,17.4,16.8,16.2,15.7,15.2,14.7
COL,Colombia,Upper,27.1,26.3,25.6,24.9,24.3,23.7,23.1,22.5,22,21.5,21.1,20.7,20.4,20.1,19.9,19.7,19.5,19.5
COM,Comoros,Lower,82,80,77.9,75.8,73.2,70.5,67.4,64.4,61.4,58.2,55.1,52,48.8,46,43.4,40.9,38.5,36.2
COM,Comoros,Median,101.1,100.7,100.6,100.1,99.1,97.4,95.4,93,90.5,88,85.3,82.7,80.4,77.9,75.5,73.2,71.1,69
COM,Comoros,Upper,118.1,118.9,120.6,123.4,127.3,129.9,132.6,134.9,136.4,137.5,138.7,139.5,139.2,138.9,138.7,139.3,138.9,138.3
CPV,Cabo Verde,Lower,34.4,30.9,28.4,26.7,25.8,25.4,25.3,25.3,25.1,24.7,24.1,23.3,22.3,21.1,19.7,18.3,16.8,15.4
CPV,Cabo Verde,Median,35.5,31.9,29.3,27.7,26.7,26.3,26.2,26.2,26,25.7,25.1,24.3,23.3,22.2,21,19.7,18.5,17.4
CPV,Cabo Verde,Upper,36.6,33,30.3,28.6,27.7,27.3,27.1,27.1,27,26.6,26.1,25.3,24.4,23.4,22.3,21.3,20.4,19.7
CRI,Costa Rica,Lower,12.5,11.9,11.3,10.8,10.4,10.1,10,10.1,10,9.9,9.7,9.5,9.4,9.3,9,8.5,7.7,7
CRI,Costa Rica,Median,12.9,12.2,11.7,11.2,10.8,10.5,10.4,10.4,10.4,10.2,10,9.9,9.8,9.7,9.5,9.4,9.2,9
CRI,Costa Rica,Upper,13.3,12.6,12,11.6,11.1,10.8,10.7,10.7,10.7,10.5,10.4,10.2,10.1,10,10.1,10.4,10.9,11.5
CUB,Cuba,Lower,7.8,7.6,7.5,7.5,7.3,7,6.7,6.4,6.2,6,5.9,5.7,5.6,5.5,5.5,5.4,5.3,5.1
CUB,Cuba,Median,8.1,7.8,7.7,7.7,7.5,7.2,6.9,6.6,6.4,6.2,6,5.9,5.8,5.7,5.7,5.6,5.5,5.4
CUB,Cuba,Upper,8.3,8,7.9,7.9,7.7,7.4,7.1,6.8,6.6,6.4,6.2,6.1,6,5.9,5.9,5.8,5.7,5.6
CYP,Cyprus,Lower,6.2,5.8,5.4,5.1,4.7,4.5,4.2,4,3.7,3.5,3.3,3.2,3,2.9,2.7,2.5,2.4,2.2
CYP,Cyprus,Median,6.6,6.2,5.8,5.5,5.1,4.8,4.6,4.3,4.1,3.8,3.6,3.5,3.3,3.1,3,2.9,2.8,2.7
CYP,Cyprus,Upper,7.1,6.6,6.2,5.9,5.5,5.2,4.9,4.7,4.4,4.2,4,3.8,3.6,3.5,3.4,3.3,3.3,3.3
CZE,Czechia,Lower,5.3,5,4.8,4.6,4.4,4.2,4,3.8,3.6,3.4,3.3,3.1,3,3,3,3,3.1,3.1
CZE,Czechia,Median,5.5,5.2,5,4.8,4.6,4.4,4.1,3.9,3.7,3.5,3.4,3.3,3.2,3.1,3.1,3.1,3.2,3.3
CZE,Czechia,Upper,5.7,5.4,5.1,5,4.8,4.5,4.3,4.1,3.9,3.7,3.5,3.4,3.3,3.2,3.2,3.3,3.4,3.5
DEU,Germany,Lower,5.3,5.1,5,4.9,4.8,4.6,4.5,4.4,4.3,4.2,4.1,4,3.9,3.9,3.8,3.7,3.6,3.5
DEU,Germany,Median,5.4,5.2,5.1,5,4.9,4.7,4.6,4.5,4.4,4.3,4.2,4.1,4,4,3.9,3.9,3.8,3.7
DEU,Germany,Upper,5.5,5.3,5.2,5.1,4.9,4.8,4.7,4.6,4.5,4.3,4.3,4.2,4.1,4,4,4,4,4
DJI,Djibouti,Lower,87,84.9,82.6,80.1,77.2,74.6,71.8,69.1,66.1,62.8,59.6,56.2,53,49.8,46.7,44.1,41.3,38.6
DJI,Djibouti,Median,101.5,99.3,96.8,94.3,91.7,89.3,86.7,84.1,81.5,79.1,76.7,74.4,72.2,70,67.8,65.7,63.7,61.7
DJI,Djibouti,Upper,119.9,117.6,114.7,112.4,109.6,106.8,104.7,102.7,100.7,99.3,98.3,97.4,96.6,95.7,95.2,94.8,94.9,94.6
DMA,Dominica,Lower,13.8,13.7,13.6,13.7,13.9,14.2,14.7,15.4,16.3,17.4,18.7,20.2,21.8,23.6,25.2,26.5,27.2,27.2
DMA,Dominica,Median,15.4,15.3,15.2,15.3,15.6,16,16.5,17.3,18.3,19.4,20.8,22.5,24.4,26.6,28.9,31.2,32.9,34
DMA,Dominica,Upper,17.2,17.1,17,17.1,17.4,17.9,18.6,19.4,20.5,21.7,23.2,25.1,27.4,30.1,33.4,36.8,39.8,42.4
DNK,Denmark,Lower,5.3,5.2,5.1,5,4.8,4.6,4.5,4.3,4.1,4,3.9,3.9,3.9,3.9,3.9,3.9,3.9,3.7
DNK,Denmark,Median,5.5,5.4,5.3,5.2,5,4.8,4.6,4.5,4.3,4.2,4.1,4.1,4.1,4.1,4.2,4.2,4.3,4.3
DNK,Denmark,Upper,5.7,5.6,5.5,5.4,5.2,5,4.8,4.7,4.5,4.4,4.3,4.3,4.3,4.3,4.4,4.6,4.8,4.9
DOM,Dominican Republic,Lower,37.8,36.7,35.8,35.1,34.3,33.6,32.8,32,31.3,30.5,29.6,28.8,27.9,26.9,25.8,24.7,23.5,22.3
DOM,Dominican Republic,Median,41,39.9,39,38.1,37.4,36.8,36.3,35.8,35.3,34.8,34.3,33.9,33.5,32.9,32.3,31.6,30.8,29.9
DOM,Dominican Republic,Upper,44.3,43.1,42.2,41.4,40.8,40.3,40,39.8,39.8,39.7,39.9,40.3,40.6,40.7,40.8,40.9,40.9,41
DZA,Algeria,Lower,38.8,38.1,37.1,35.8,34.4,32.9,31.4,30.1,28.9,27.8,26.9,26.1,25.6,25.2,24.8,24.3,23.8,23.1
DZA,Algeria,Median,39.7,38.9,37.8,36.5,35,33.5,32.1,30.7,29.4,28.3,27.4,26.7,26.1,25.7,25.3,24.9,24.5,24
DZA,Algeria,Upper,40.5,39.7,38.6,37.2,35.7,34.1,32.7,31.2,30,28.9,27.9,27.2,26.6,26.3,25.9,25.6,25.3,24.9
ECU,Ecuador,Lower,25.9,24.4,23.1,21.9,20.9,19.9,19,18.2,17.5,16.8,16.1,15.5,15,14.7,14.4,14.3,14.3,14
ECU,Ecuador,Median,29.1,27.5,26.1,24.9,23.8,22.8,21.9,21,20.1,19.2,18.3,17.5,16.7,16.1,15.5,15.1,14.8,14.5
ECU,Ecuador,Upper,32.9,31.2,29.7,28.5,27.4,26.4,25.3,24.2,23.1,22,20.8,19.7,18.7,17.7,16.7,15.9,15.2,15
EGY,Egypt,Lower,44,41.4,39.1,36.9,35,33.3,31.7,30.2,28.8,27.3,26,24.5,23.1,21.7,20.4,19.1,17.8,16.7
EGY,Egypt,Median,46.8,44.1,41.8,39.6,37.8,36.1,34.5,33,31.6,30.3,29,27.8,26.7,25.6,24.7,23.7,22.9,22.1
EGY,Egypt,Upper,49.8,47.1,44.7,42.5,40.6,39,37.5,36.1,34.9,33.6,32.6,31.6,30.9,30.3,29.8,29.6,29.3,29.2
ERI,Eritrea,Lower,79.9,75.7,71.5,67.6,63.7,60.1,56.4,52.9,49.5,46.3,43.4,40.6,38.1,35.7,33.2,31,29,27
ERI,Eritrea,Median,88.4,84,79.8,75.9,72.4,69,65.9,62.9,60,57.6,55.3,53.2,51.3,49.4,47.6,46.1,44.5,43.1
ERI,Eritrea,Upper,97.4,92.8,88.7,85.2,82.2,79.3,77.1,75.1,73.6,72.3,71.3,70.6,69.9,69.6,69.5,69.4,69.7,69.6
ESP,Spain,Lower,5.3,5.1,5,4.9,4.8,4.6,4.4,4.3,4.1,3.9,3.8,3.6,3.5,3.4,3.3,3.1,2.9,2.7
ESP,Spain,Median,5.4,5.3,5.2,5,4.9,4.7,4.5,4.4,4.2,4,3.8,3.7,3.6,3.5,3.3,3.2,3.1,3.1
ESP,Spain,Upper,5.5,5.4,5.3,5.1,5,4.8,4.7,4.5,4.3,4.1,3.9,3.8,3.7,3.5,3.4,3.4,3.4,3.4
EST,Estonia,Lower,10.5,9.6,8.8,8.1,7.4,6.7,6.1,5.6,5.1,4.6,4.2,3.9,3.6,3.3,3,2.8,2.5,2.3
EST,Estonia,Median,11,10.1,9.3,8.5,7.8,7.1,6.5,5.9,5.4,5,4.5,4.2,3.9,3.6,3.3,3.1,2.9,2.7
EST,Estonia,Upper,11.6,10.7,9.8,9,8.3,7.6,6.9,6.3,5.8,5.3,4.9,4.5,4.2,3.9,3.7,3.5,3.4,3.3
ETH,Ethiopia,Lower,133,127.2,121.3,115.1,109,102.8,96.8,91.2,85.8,80.7,75.9,71.4,67.2,63,58.9,55,51.5,48.1
ETH,Ethiopia,Median,142.6,136.6,130.4,124,117.5,111,104.9,99,93.5,88.4,83.7,79.2,75.1,71.2,67.5,64.2,61.2,58.5
ETH,Ethiopia,Upper,153,146.8,140.2,133.5,126.5,119.7,113.4,107.4,101.8,96.7,92,87.6,83.8,80.3,77.3,74.7,72.5,70.9
FIN,Finland,Lower,4.1,4,3.9,3.8,3.7,3.6,3.5,3.3,3.2,3,2.9,2.7,2.6,2.5,2.4,2.3,2.2,2.1
FIN,Finland,Median,4.3,4.2,4.1,4,3.9,3.7,3.6,3.5,3.3,3.2,3,2.9,2.8,2.6,2.5,2.4,2.3,2.3
FIN,Finland,Upper,4.5,4.3,4.2,4.1,4,3.9,3.8,3.6,3.5,3.3,3.2,3,2.9,2.8,2.7,2.6,2.5,2.5
FJI,Fiji,Lower,21.8,21.8,21.8,21.9,22.1,22.4,22.7,22.9,23.1,23.1,23.1,23,22.9,22.9,23,23.2,23.4,23.5
FJI,Fiji,Median,22.9,22.7,22.5,22.6,22.8,23.1,23.4,23.7,23.9,24,24,24,24,24.1,24.3,24.6,25,25.3
FJI,Fiji,Upper,24,23.6,23.3,23.3,23.5,23.8,24.2,24.5,24.7,24.8,24.9,25,25.2,25.4,25.8,26.1,26.7,27.3
FRA,France,Lower,5.3,5.1,5,4.8,4.6,4.5,4.4,4.3,4.2,4.2,4.1,4.1,4,4,4.1,4.1,4.1,4
FRA,France,Median,5.4,5.2,5.1,4.9,4.7,4.6,4.5,4.4,4.3,4.3,4.2,4.2,4.1,4.1,4.1,4.2,4.2,4.2
FRA,France,Upper,5.5,5.3,5.2,5,4.8,4.7,4.6,4.5,4.4,4.4,4.3,4.2,4.2,4.2,4.2,4.3,4.4,4.5
FSM,Micronesia (Federated States of),Lower,35.9,34.2,32.5,30.7,29.2,27.7,26.1,24.6,23.3,22,20.7,19.4,18.2,17.1,16.3,15.5,14.7,13.8
FSM,Micronesia (Federated States of),Median,53.5,52.4,51.1,49.8,48.4,47,45.6,44.2,42.7,41.4,40.2,38.9,37.7,36.5,35.3,34.2,33.1,32.2
FSM,Micronesia (Federated States of),Upper,79.7,80.1,80.9,81.1,81,80.5,80.4,80.4,80.1,79.8,79.3,79,78.4,78.4,78,77.5,76.8,76.2
GAB,Gabon,Lower,72,70.6,69,67.3,65.4,63.8,62.1,60.1,57.7,54.8,51.8,48.6,45.5,42.5,39.4,36.5,33.5,31.2
GAB,Gabon,Median,83.1,81.6,80,78.3,76.5,74.5,72.7,70.5,68.2,65.6,63.3,61.2,59,56.9,54.6,52.5,50.1,48.3
GAB,Gabon,Upper,98.7,97.2,95.4,93.2,90.7,88.1,85.3,82.6,80.2,78,76.6,75.6,74.7,74.2,73.8,73.4,72.4,72.2
GBR,United Kingdom,Lower,6.4,6.3,6.2,6.1,6,5.9,5.8,5.6,5.5,5.3,5.1,4.9,4.7,4.5,4.4,4.4,4.3,4.1
GBR,United Kingdom,Median,6.5,6.4,6.3,6.3,6.2,6,5.9,5.8,5.6,5.4,5.2,5,4.8,4.6,4.5,4.5,4.4,4.3
GBR,United Kingdom,Upper,6.7,6.6,6.5,6.4,6.3,6.2,6,5.9,5.7,5.5,5.3,5.1,4.9,4.7,4.6,4.6,4.5,4.6
GEO,Georgia,Lower,31.6,29.7,27.8,25.8,24,22.1,20.4,18.9,17.4,16.1,15.1,14.1,13.3,12.6,11.9,11.2,10.4,9.7
GEO,Georgia,Median,35.4,33.1,30.9,28.7,26.5,24.4,22.5,20.8,19.2,17.8,16.6,15.5,14.5,13.6,12.8,12.1,11.4,10.8
GEO,Georgia,Upper,40.3,37.6,34.7,31.9,29.2,26.6,24.3,22.4,20.7,19.3,17.9,16.7,15.6,14.6,13.9,13.3,12.9,12.8
GHA,Ghana,Lower,93.3,90.2,87.3,84.5,82.1,80.1,78,75.8,73.1,70,66.5,62.7,58.7,54.6,50.4,46.3,42.7,39.4
GHA,Ghana,Median,99.2,95.9,92.8,90.1,87.8,85.7,83.7,81.5,78.9,75.9,72.4,68.9,65.2,61.5,58,54.7,51.8,49.3
GHA,Ghana,Upper,105.2,101.8,98.7,96,93.6,91.6,89.8,87.5,85.1,82.1,78.9,75.4,72.2,69.2,66.6,64.4,62.6,61.2
GIN,Guinea,Lower,153.7,146.4,139.3,132.8,126.6,120.7,115.5,110.5,105.8,101.2,96.6,92.2,87.8,83.4,79.3,75.4,71.4,67.5
GIN,Guinea,Median,165.4,157.8,150.4,143.5,137.1,131.4,126.1,121.3,116.8,112.7,108.8,105.1,101.6,98.2,94.9,91.7,88.7,85.7
GIN,Guinea,Upper,177.7,169.7,162.2,155.2,148.8,142.9,137.8,133.3,129.2,125.7,122.6,119.8,117.8,115.9,114.4,112.9,111.9,111.3
GMB,Gambia,Lower,104.1,99.6,95.1,90.8,86,81.3,76.9,72.4,68.3,64.5,61,57.1,53.6,50.2,46.8,43.9,41.3,38.7
GMB,Gambia,Median,118.4,114,109.7,105.5,101.4,97.5,93.7,90.1,86.9,83.8,80.8,78,75.3,72.8,70.2,67.9,65.8,63.6
GMB,Gambia,Upper,135.2,131,127.1,123.5,120.1,117.1,114.2,111.5,109.1,107.6,106.2,105.4,105.2,104.8,104.4,104.7,104.3,104
GNB,Guinea-Bissau,Lower,159.1,153.8,148,141.8,135.6,129.2,122.6,115.7,108.8,101.8,94.6,87.7,81.2,75.3,70.1,65.4,61.1,57
GNB,Guinea-Bissau,Median,175.8,170.2,164.3,158.2,151.9,145.5,139,132.4,126,119.8,113.8,108.2,103,98.4,94.5,90.7,87.4,84.2
GNB,Guinea-Bissau,Upper,195.4,189.5,183.5,177,170.4,164,157.7,151.5,146.2,141.4,137.3,133.5,130.1,127.1,124.6,122.7,121.7,120.6
GNQ,Equatorial Guinea,Lower,140.7,136.3,131.7,126.8,121.7,116.5,111.2,105.8,100,94.3,88.7,83.3,77.9,73,68.6,64.2,60.1,56.2
GNQ,Equatorial Guinea,Median,156.4,152.4,148,143.7,139.3,134.8,130.4,126,121.6,117.3,113.5,109.8,106.4,102.8,99.3,96,92.8,89.6
GNQ,Equatorial Guinea,Upper,177.6,173.3,169.2,165.1,160.6,156.5,152.9,149.7,146.5,144.3,142,140.2,139,138.6,138.4,138.3,138.3,138.3
GRC,Greece,Lower,6.2,5.8,5.4,5,4.7,4.4,4.2,4,3.9,3.8,3.7,3.8,3.9,4,4.3,4.5,4.6,4.7
GRC,Greece,Median,6.4,6,5.6,5.2,4.9,4.6,4.3,4.1,4,3.9,3.9,3.9,4,4.2,4.4,4.8,5.1,5.3
GRC,Greece,Upper,6.6,6.2,5.7,5.4,5,4.7,4.5,4.3,4.1,4.1,4,4.1,4.2,4.3,4.6,5.1,5.7,6.2
GRD,Grenada,Lower,14.4,14,13.6,13.3,13.1,12.9,12.7,12.7,12.7,12.8,13,13.3,13.6,13.9,14.1,14.2,14.1,13.8
GRD,Grenada,Median,15.7,15.3,14.9,14.6,14.4,14.1,14,13.9,14,14.1,14.3,14.6,15,15.4,15.9,16.3,16.6,16.7
GRD,Grenada,Upper,17.2,16.8,16.3,16,15.8,15.5,15.4,15.4,15.4,15.5,15.7,16.1,16.5,17,17.8,18.7,19.5,20.2
GTM,Guatemala,Lower,47.9,45.9,44,42.2,40.5,38.9,37.3,35.8,34.4,32.9,31.5,30.1,28.7,27.4,26.1,24.7,23.4,22
GTM,Guatemala,Median,51.9,49.8,47.9,46.1,44.3,42.6,41.1,39.6,38.1,36.7,35.4,34.1,32.9,31.7,30.6,29.6,28.6,27.6
GTM,Guatemala,Upper,56.2,54.1,52.1,50.2,48.4,46.7,45.1,43.6,42.3,41,39.8,38.7,37.7,36.7,35.9,35.2,34.8,34.6
GUY,Guyana,Lower,42.1,40.9,39.8,38.6,37.5,36.4,35.3,34.1,32.8,31.4,30.1,28.7,27.2,25.9,24.5,23,21.8,20.6
GUY,Guyana,Median,46.7,45.5,44.5,43.4,42.5,41.6,40.8,39.9,39.1,38.3,37.6,36.8,36,35.1,34.3,33.3,32.3,31.3
GUY,Guyana,Upper,51.8,50.7,49.7,48.9,48.1,47.6,47.2,46.9,46.9,46.9,47.2,47.5,48,48.3,48.2,48.3,48,47.9
HND,Honduras,Lower,34.4,32.8,31.2,29.7,28.2,26.7,25.3,24,22.8,21.6,20.5,19.4,18.3,17.1,16,15,14,13.1
HND,Honduras,Median,37.4,35.7,34.1,32.5,31.1,29.6,28.3,27,25.9,24.7,23.7,22.7,21.9,21,20.3,19.6,18.9,18.2
HND,Honduras,Upper,40.7,39,37.3,35.7,34.2,32.8,31.5,30.3,29.2,28.1,27.1,26.4,25.9,25.6,25.6,25.6,25.6,25.7
HRV,Croatia,Lower,8,7.7,7.4,7.1,6.8,6.5,6.2,5.9,5.7,5.4,5.2,5.1,4.9,4.8,4.7,4.6,4.4,4.2
HRV,Croatia,Median,8.3,8,7.7,7.4,7,6.7,6.4,6.2,5.9,5.7,5.5,5.3,5.2,5,4.9,4.8,4.7,4.6
HRV,Croatia,Upper,8.6,8.3,8,7.6,7.3,7,6.7,6.4,6.1,5.9,5.7,5.5,5.4,5.3,5.2,5.1,5.2,5.2
HTI,Haiti,Lower,96,92.6,89.6,87,84.8,82.8,81,79.2,77.5,75.9,190.3,72.2,70.3,68.3,66.2,64.1,61.8,59.2
HTI,Haiti,Median,104,100.6,97.6,94.8,92.4,90.3,88.4,86.6,85,83.5,210.9,80.6,79.3,77.9,76.5,75,73.4,71.7
HTI,Haiti,Upper,112.1,108.7,105.6,102.8,100.3,98,96,94.3,92.8,91.7,233.8,90.4,90.1,90,90.1,89.9,90.1,89.7
HUN,Hungary,Lower,9.8,9.3,8.7,8.1,7.7,7.3,7,6.6,6.3,6,5.8,5.7,5.5,5.4,5.2,4.9,4.5,4
HUN,Hungary,Median,10.1,9.5,8.9,8.4,7.9,7.5,7.2,6.9,6.5,6.2,6,5.9,5.7,5.6,5.4,5.1,4.8,4.5
HUN,Hungary,Upper,10.4,9.8,9.2,8.7,8.2,7.8,7.4,7.1,6.8,6.4,6.2,6.1,6,5.8,5.6,5.4,5.2,5.1
IDN,Indonesia,Lower,49.4,47,44.8,42.7,46.3,38.8,36.9,35.1,33.4,31.7,30.1,28.5,27,25.5,24,22.4,20.9,19.5
IDN,Indonesia,Median,52.1,49.7,47.4,45.3,49.3,41.4,39.7,37.9,36.3,34.8,33.2,31.8,30.6,29.4,28.3,27.2,26.3,25.4
IDN,Indonesia,Upper,54.9,52.5,50.2,48.1,52.5,44.3,42.6,41,39.4,38.1,36.8,35.7,34.6,33.8,33.4,33.1,33,33
IND,India,Lower,88.3,84.8,81.3,78,74.6,71.3,68.1,65,61.9,58.8,55.7,52.7,49.7,46.7,43.7,40.7,37.9,35.2
IND,India,Median,91.7,88.1,84.6,81.2,77.8,74.5,71.2,68,64.7,61.6,58.4,55.3,52.4,49.5,46.7,44.1,41.6,39.4
IND,India,Upper,95.3,91.6,88,84.5,81.2,77.9,74.6,71.4,68,64.7,61.4,58.2,55.2,52.4,49.8,47.5,45.4,43.6
IRL,Ireland,Lower,6.9,6.6,6.3,5.8,5.4,4.9,4.6,4.4,4.3,4.1,4,3.9,3.8,3.7,3.5,3.4,3.1,2.9
IRL,Ireland,Median,7.2,6.9,6.5,6,5.6,5.2,4.8,4.6,4.4,4.3,4.2,4.1,4,3.9,3.8,3.7,3.6,3.5
IRL,Ireland,Upper,7.5,7.2,6.8,6.3,5.8,5.4,5.1,4.8,4.6,4.5,4.4,4.3,4.2,4.1,4.1,4.2,4.3,4.4
IRN,Iran (Islamic Republic of),Lower,31,29.1,27.3,25.8,24.3,23,21.8,20.6,19.3,17.9,16.6,15.4,14.3,13.2,12.3,11.4,10.5,9.8
IRN,Iran (Islamic Republic of),Median,34.2,32.4,30.6,28.9,27.3,25.8,24.4,23.1,21.8,20.6,19.6,18.8,18,17.3,16.6,16,15.5,14.9
IRN,Iran (Islamic Republic of),Upper,38,36.1,34.3,32.4,30.6,28.9,27.2,25.8,24.7,23.8,23.2,22.8,22.6,22.5,22.6,22.6,22.6,22.7
IRQ,Iraq,Lower,41,40.2,39.3,38.6,37.7,36.8,35.9,34.9,33.8,32.6,31.5,30.3,29.1,27.7,26.3,24.8,23.4,21.9
IRQ,Iraq,Median,44.9,44,43.3,42.5,41.8,41.1,40.3,39.5,38.6,37.8,36.9,36,35.1,34.1,33.2,32.3,31.3,30.4
IRQ,Iraq,Upper,49.3,48.5,47.8,47.1,46.5,45.9,45.3,44.8,44.3,43.8,43.4,43,42.6,42.3,42.2,42.1,42.2,42.2
ISL,Iceland,Lower,3.7,3.5,3.3,3.1,3,2.8,2.7,2.6,2.5,2.4,2.3,2.3,2.2,2.1,2,1.8,1.7,1.6
ISL,Iceland,Median,4.1,3.9,3.7,3.5,3.4,3.2,3.1,3,2.9,2.8,2.7,2.6,2.5,2.4,2.3,2.3,2.2,2.1
ISL,Iceland,Upper,4.6,4.4,4.2,4,3.8,3.7,3.5,3.4,3.3,3.1,3,2.9,2.9,2.8,2.8,2.8,2.8,2.8
ISR,Israel,Lower,6.7,6.5,6.2,6,5.7,5.4,5.2,5,4.8,4.6,4.4,4.3,4.1,4,3.8,3.6,3.4,3.2
ISR,Israel,Median,6.9,6.6,6.4,6.1,5.8,5.6,5.3,5.1,4.9,4.7,4.6,4.4,4.2,4.1,4,3.8,3.7,3.6
ISR,Israel,Upper,7.1,6.8,6.5,6.3,6,5.7,5.5,5.2,5,4.9,4.7,4.5,4.4,4.2,4.1,4,4,3.9
ITA,Italy,Lower,5.5,5.2,5,4.7,4.5,4.4,4.3,4.2,4.1,4,3.9,3.8,3.7,3.6,3.5,3.4,3.3,3.1
ITA,Italy,Median,5.6,5.3,5.1,4.8,4.6,4.5,4.3,4.2,4.1,4.1,4,3.9,3.8,3.7,3.6,3.5,3.4,3.4
ITA,Italy,Upper,5.7,5.4,5.2,4.9,4.7,4.6,4.4,4.3,4.2,4.1,4,3.9,3.8,3.8,3.7,3.6,3.6,3.6
JAM,Jamaica,Lower,19.3,18.7,18.2,17.7,17.3,16.9,16.5,16.1,15.6,15,14.3,13.6,12.9,12.1,11.4,10.6,9.9,9.4
JAM,Jamaica,Median,22.3,21.8,21.3,20.8,20.5,20.2,20,19.8,19.4,19.1,18.7,18.2,17.7,17.2,16.7,16.2,15.7,15.2
JAM,Jamaica,Upper,25.8,25.3,24.8,24.5,24.3,24.3,24.4,24.6,24.8,24.8,24.9,24.9,25,25.1,25.2,25.1,25.2,25.3
JOR,Jordan,Lower,25.6,24.8,24.1,23.3,22.6,21.8,21,20.2,19.4,18.5,17.7,16.9,16.1,15.2,14.3,13.4,12.5,11.7
JOR,Jordan,Median,27.8,27.1,26.4,25.7,25,24.3,23.6,23,22.3,21.7,21.1,20.5,19.9,19.2,18.7,18.1,17.6,17
JOR,Jordan,Upper,30.3,29.6,28.9,28.2,27.6,27.1,26.5,26.1,25.7,25.4,25.1,24.8,24.6,24.5,24.3,24.3,24.3,24.3
JPN,Japan,Lower,4.4,4.2,4.1,3.9,3.8,3.7,3.6,3.5,3.3,3.2,3.1,3.3,2.9,2.9,2.8,2.9,2.6,2.4
JPN,Japan,Median,4.5,4.3,4.1,4,3.9,3.7,3.6,3.5,3.4,3.3,3.2,3.4,3,2.9,2.8,3,2.7,2.6
JPN,Japan,Upper,4.6,4.4,4.2,4.1,3.9,3.8,3.7,3.6,3.5,3.4,3.3,3.5,3.1,3,2.9,3.1,2.7,2.7
KAZ,Kazakhstan,Lower,39.6,37.3,35.1,33.1,31.2,29.5,27.8,26,24.1,22.1,20,18,16.1,14.4,12.9,11.7,10.7,9.7
KAZ,Kazakhstan,Median,43,40.6,38.2,35.9,33.7,31.5,29.3,27.1,24.8,22.6,20.4,18.3,16.4,14.7,13.2,12,10.9,10
KAZ,Kazakhstan,Upper,46.7,44,41.5,39,36.3,33.7,31,28.2,25.6,23.1,20.8,18.7,16.7,15,13.5,12.2,11.2,10.4
KEN,Kenya,Lower,97.5,93.1,88.2,83.3,78,72.7,67.8,63.6,59.4,55.4,52.8,50.5,48.3,45.7,43.3,40.7,38.1,35.8
KEN,Kenya,Median,104.5,100,95.1,89.9,84.7,79.2,74.3,69.9,65.4,61.1,58.4,56.3,54.4,52.3,50.5,48.7,47.1,45.6
KEN,Kenya,Upper,112.6,107.9,102.7,97.3,91.9,86.3,81.1,76.5,71.7,67.2,64.4,62.3,61,59.9,59.2,58.7,58.5,58.4
KGZ,Kyrgyzstan,Lower,44.3,42.8,41.3,40.1,39,37.9,36.6,34.8,32.9,30.8,28.8,26.9,25.3,24,22.8,21.5,20.1,18.6
KGZ,Kyrgyzstan,Median,49.5,47.3,45.2,43.2,41.3,39.5,37.7,35.8,33.7,31.6,29.6,27.8,26.2,24.8,23.5,22.3,21.1,20
KGZ,Kyrgyzstan,Upper,53.8,51,48.3,45.7,43.2,40.8,38.8,37,34.9,32.6,30.4,28.5,26.9,25.4,24.2,23.1,22.1,21.5
KHM,Cambodia,Lower,98.5,89.7,80,71.3,64.1,58.5,53.8,49.3,45.1,41.2,37.5,33.7,29.9,26.3,23.2,20.8,18.7,17.1
KHM,Cambodia,Median,107,97.4,87.3,78.5,71.3,65.3,60.4,56,51.9,48.1,44.4,41.1,38.1,35.7,33.6,32,30.6,29.2
KHM,Cambodia,Upper,116.2,105.6,95.3,86.4,79.1,72.8,67.6,63.7,60,56.1,52.6,50,48.4,48,48.3,48.8,49.3,50.2
KIR,Kiribati,Lower,62.8,61,59.4,58.4,57.6,57,56.6,55.9,54.9,53.3,51.2,48.8,46.3,43.6,41,38.5,36.2,33.7
KIR,Kiribati,Median,71.2,69.4,67.9,66.8,66.3,66.2,66.3,66.4,66.3,65.8,64.9,63.7,62.3,60.9,59.3,57.8,56.2,54.6
KIR,Kiribati,Upper,80.8,78.8,77.2,76.2,76,76.3,77.1,78.2,79.8,80.8,81.7,82.8,83.6,84.5,85.1,85.7,86.1,86.3
KNA,Saint Kitts and Nevis,Lower,20.2,18.8,17.6,16.5,15.5,14.7,14,13.4,13,12.6,12.3,12,11.7,11.4,11.1,10.8,10.3,9.9
KNA,Saint Kitts and Nevis,Median,22.5,21.1,19.8,18.7,17.6,16.7,15.9,15.3,14.8,14.4,14.2,14,13.9,13.9,13.9,13.9,13.8,13.7
KNA,Saint Kitts and Nevis,Upper,25,23.6,22.3,21,19.9,18.9,18,17.3,16.8,16.5,16.4,16.5,16.7,17,17.5,18.1,18.5,18.9
KOR,Republic of Korea,Lower,7.2,6.9,6.6,6.2,5.8,5.4,5.1,4.7,4.4,4.2,4,3.9,3.8,3.7,3.5,3.4,3.3,3.1
KOR,Republic of Korea,Median,7.5,7.1,6.7,6.3,5.9,5.5,5.2,4.8,4.5,4.3,4.1,4,3.8,3.7,3.6,3.5,3.4,3.3
KOR,Republic of Korea,Upper,7.7,7.3,6.9,6.5,6,5.6,5.3,4.9,4.6,4.4,4.2,4.1,3.9,3.8,3.7,3.6,3.5,3.5
KWT,Kuwait,Lower,12.3,12.1,12,11.8,11.6,11.4,11.3,11.1,11,10.8,10.5,10.1,9.7,9.2,8.7,8.2,7.6,7.1
KWT,Kuwait,Median,12.7,12.5,12.3,12.2,12,11.8,11.6,11.5,11.3,11.1,10.8,10.4,10,9.5,9.1,8.8,8.4,8.1
KWT,Kuwait,Upper,13.1,12.9,12.7,12.5,12.3,12.1,11.9,11.8,11.6,11.4,11.1,10.7,10.3,9.9,9.6,9.4,9.3,9.3
LAO,Lao People's Democratic Republic,Lower,102.5,99,95.5,92,88.7,85.2,81.7,78.1,74.5,71.1,67.7,64.4,60.8,57.3,53.9,50.5,47.3,44.5
LAO,Lao People's Democratic Republic,Median,112.6,109.1,105.7,102.4,99.1,95.9,92.6,89.4,86.3,83.3,80.4,77.7,75,72.5,70.1,67.9,65.6,63.4
LAO,Lao People's Democratic Republic,Upper,123.9,120.4,117.1,113.7,110.5,107.5,104.6,101.9,99.2,96.9,94.5,92.6,91.2,90.3,89.7,89.3,89.3,89.4
LBN,Lebanon,Lower,17,15.8,14.6,13.4,12.2,10.9,9.8,8.7,7.8,7.1,6.5,6,5.6,5.2,4.8,4.5,4.3,4
LBN,Lebanon,Median,20,18.8,17.6,16.5,15.3,14.2,13.1,12.2,11.4,10.8,10.3,9.8,9.4,9,8.7,8.4,8.1,7.8
LBN,Lebanon,Upper,23.7,22.5,21.4,20.2,19.2,18.3,17.5,16.7,16.1,15.6,15.2,14.9,14.6,14.4,14.3,14.1,14,13.9
LBR,Liberia,Lower,172.1,160.2,148.7,137.4,127.2,118,110.1,103.3,97.3,92,87.2,82.2,77.2,72.1,67.5,63.1,58.9,54.6
LBR,Liberia,Median,186.1,173.4,161,149.1,138,128.3,119.9,113,107.1,102.1,97.5,93.4,89.7,86.3,83,80.1,77.4,74.7
LBR,Liberia,Upper,201,187.3,173.9,161.4,149.7,139.5,130.7,123.5,117.5,112.7,109.1,106.4,104.3,103.2,102.7,102.7,102.9,103.3
LBY,Libya,Lower,26.5,26.1,25.7,25,23.9,22.6,21.2,19.5,17.8,16.3,14.8,15.1,12.4,11.4,10.4,9.6,8.9,8.3
LBY,Libya,Median,28.1,27.3,26.4,25.5,24.4,23.1,21.7,20.2,18.8,17.6,16.6,17.6,15,14.4,13.8,13.3,12.8,12.4
LBY,Libya,Upper,29.7,28.5,27.2,26.1,24.9,23.6,22.2,20.8,19.7,19,18.6,20.5,18.3,18.2,18.3,18.3,18.4,18.4
LCA,Saint Lucia,Lower,16.8,16.7,16.6,16.7,16.7,16.8,16.9,17,17,17,16.9,16.7,16.3,15.8,15.1,14.5,13.7,12.9
LCA,Saint Lucia,Median,18.1,18,18,18.1,18.2,18.3,18.4,18.5,18.5,18.5,18.4,18.3,18.1,17.9,17.6,17.3,17,16.6
LCA,Saint Lucia,Upper,19.5,19.4,19.5,19.6,19.7,19.9,20.1,20.2,20.2,20.2,20.1,20.1,20.2,20.4,20.6,20.9,21.1,21.3
LKA,Sri Lanka,Lower,16.2,15.7,15.3,14.9,28.6,13.9,13.3,12.5,12,11.6,11.3,10.9,10.5,10,9.4,8.8,8.2,7.6
LKA,Sri Lanka,Median,16.5,16,15.6,15.2,29.2,14.3,13.5,12.8,12.3,11.9,11.6,11.2,10.8,10.4,10,9.5,9.1,8.8
LKA,Sri Lanka,Upper,16.8,16.3,15.9,15.5,29.8,14.6,13.8,13.1,12.6,12.2,11.9,11.5,11.1,10.8,10.5,10.3,10.2,10.2
LSO,Lesotho,Lower,107.4,109.6,111.6,112.8,113.1,112.6,111.2,107.5,104.9,97.8,87.4,85.1,82.4,79.2,76.5,73.6,67.8,63.6
LSO,Lesotho,Median,116.9,119.6,121.7,123.3,124,123.8,122.7,119.3,117.1,110,99.2,98.4,97.4,95.8,94.7,93.8,88.9,85.9
LSO,Lesotho,Upper,127.1,130,132.8,134.9,136.1,136.6,135.9,132.5,130.7,123.8,113,113.6,114.6,114.8,116,118,115.1,114.9
LTU,Lithuania,Lower,10.2,9.8,9.4,9,8.8,8.6,8.2,7.6,6.9,6.3,5.7,5.2,4.8,4.6,4.6,4.6,4.4,3.7
LTU,Lithuania,Median,10.7,10.3,9.9,9.5,9.3,9,8.7,8.1,7.4,6.7,6,5.5,5.2,5,5,5,4.7,4.3
LTU,Lithuania,Upper,11.3,10.8,10.4,10,9.8,9.5,9.2,8.5,7.8,7.1,6.4,5.9,5.5,5.4,5.3,5.4,5.1,4.8
LUX,Luxembourg,Lower,4.3,4.1,3.8,3.6,3.4,3.2,3,2.9,2.8,2.7,2.6,2.6,2.5,2.4,2.3,2.2,2.1,2
LUX,Luxembourg,Median,4.8,4.5,4.2,4,3.8,3.6,3.4,3.3,3.1,3,3,2.9,2.8,2.8,2.7,2.7,2.6,2.6
LUX,Luxembourg,Upper,5.2,5,4.7,4.4,4.2,4,3.8,3.7,3.5,3.4,3.3,3.3,3.2,3.2,3.2,3.2,3.2,3.3
LVA,Latvia,Lower,13.5,12.8,12,11.3,10.6,9.9,9.4,8.8,8.3,7.9,7.4,6.8,6.3,5.7,5.1,4.6,4,3.5
LVA,Latvia,Median,14.3,13.4,12.6,11.9,11.1,10.5,9.9,9.3,8.8,8.3,7.8,7.3,6.7,6.1,5.5,5,4.6,4.2
LVA,Latvia,Upper,15,14.1,13.3,12.5,11.7,11,10.4,9.9,9.3,8.8,8.3,7.8,7.2,6.6,6,5.5,5.2,5.1
MAR,Morocco,Lower,45.3,43.3,41.3,39.4,37.7,36,34.3,32.7,31.2,29.7,28.2,26.7,25.3,23.8,22.4,21.1,19.8,18.6
MAR,Morocco,Median,49.8,47.6,45.5,43.6,41.7,39.9,38.2,36.6,35,33.5,32,30.6,29.2,27.9,26.6,25.4,24.3,23.3
MAR,Morocco,Upper,54.5,52.2,50.1,48,46,44.2,42.4,40.7,39,37.5,36.1,34.8,33.6,32.5,31.5,30.7,29.8,29.2
MCO,Monaco,Lower,4.9,4.7,4.6,4.4,4.3,4.2,4.1,4,3.9,3.8,3.7,3.5,3.4,3.2,3,2.8,2.6,2.5
MCO,Monaco,Median,5.2,5,4.8,4.7,4.6,4.5,4.4,4.3,4.2,4.1,4,3.9,3.8,3.7,3.6,3.5,3.4,3.3
MCO,Monaco,Upper,5.5,5.3,5.1,5,4.9,4.8,4.6,4.5,4.4,4.4,4.3,4.3,4.3,4.4,4.4,4.4,4.5,4.5
MDA,Republic of Moldova,Lower,26,23.4,21,18.9,17.4,16.5,15.8,15.5,15.4,15.3,15,14.5,14.1,13.6,13.2,12.8,12.3,11.5
MDA,Republic of Moldova,Median,31.5,28.5,25.6,23,21.1,19.6,18.7,18,17.6,17.4,17.2,17,16.8,16.5,16.3,16,15.7,15.5
MDA,Republic of Moldova,Upper,37.4,34.3,31.3,28.9,26.8,25,23.6,22.5,21.6,21,20.6,20.5,20.4,20.4,20.3,20.2,20.3,20.8
MDG,Madagascar,Lower,98.1,92.3,87,82.1,77.5,73.4,69.1,64.7,60.3,55.9,51.4,47.2,43.2,39.7,36.6,33.9,31.7,29.5
MDG,Madagascar,Median,107.1,101.3,95.8,90.7,86,81.5,77.3,73.3,69.4,65.5,61.8,58.3,55,52.3,49.9,47.8,45.9,44.2
MDG,Madagascar,Upper,116.5,110.5,104.7,99.6,95,90.6,86.5,82.8,79.4,76.5,73.9,71.9,70,68.3,67.3,66.4,65.9,65.1
MDV,Maldives,Lower,39.5,34.9,30.6,26.8,26.1,20.8,18.5,16.6,15,13.5,12.2,10.9,9.8,8.7,7.9,7.2,6.6,6
MDV,Maldives,Median,43.8,38.6,33.8,29.6,28.7,22.6,20,17.8,16,14.4,13.1,11.9,10.8,10,9.3,8.8,8.3,7.9
MDV,Maldives,Upper,48.6,42.9,37.5,32.6,31.4,24.7,21.6,19,17,15.4,14,12.9,12.1,11.4,11,10.7,10.5,10.4
MEX,Mexico,Lower,25.1,23.8,22.7,21.7,20.8,20.1,19.3,18.7,18,17.5,17,16.5,16.1,15.6,15.1,14.5,13.8,13
MEX,Mexico,Median,26.8,25.3,23.9,22.7,21.6,20.6,19.8,19,18.4,17.8,17.3,16.8,16.4,15.9,15.4,14.8,14.1,13.4
MEX,Mexico,Upper,28.5,26.7,25.1,23.6,22.3,21.2,20.2,19.4,18.7,18.2,17.6,17.2,16.7,16.2,15.7,15.1,14.4,13.8
MHL,Marshall Islands,Lower,35,34.9,34.8,34.7,34.5,34.4,34.2,33.9,33.6,33.1,32.3,31.4,30.2,28.9,27.5,26.1,24.7,23.3
MHL,Marshall Islands,Median,40.7,40.7,40.6,40.3,40.1,39.9,39.6,39.4,39.2,39,38.8,38.5,38.1,37.5,36.7,35.8,34.9,34
MHL,Marshall Islands,Upper,47.3,47.3,47.1,46.9,46.6,46.4,46.1,45.9,45.8,46.1,46.7,47.5,48.1,48.6,49,49.2,49.6,50
MKD,The former Yugoslav Republic of Macedonia,Lower,15.3,14.6,13.9,13.6,13.4,13,12.4,11.7,11,10.3,9.8,9.7,9.8,10.1,10.6,11.3,11.8,11.9
MKD,The former Yugoslav Republic of Macedonia,Median,16,15.2,14.6,14.2,14,13.7,13.1,12.3,11.5,10.9,10.4,10.3,10.4,10.8,11.4,12.2,13,13.7
MKD,The former Yugoslav Republic of Macedonia,Upper,16.7,15.8,15.2,14.9,14.7,14.4,13.7,12.9,12.1,11.4,11,10.8,11,11.5,12.4,13.3,14.2,15.7
MLI,Mali,Lower,202.7,194.8,185.4,175.3,164.4,152.7,141.3,130.8,121.4,112.7,104.4,96.9,90.4,84,78.1,73,68.2,63.9
MLI,Mali,Median,219.5,211.2,201.8,191.7,181.4,171.3,162.4,154.6,147.7,141.5,135.7,130.7,125.9,121.6,117.7,113.7,109.6,106
MLI,Mali,Upper,238,229.5,219.8,210,200.9,192.7,185.7,180.6,176.8,175,173.9,172.9,173.7,173.7,173.7,173.7,173,173.7
MLT,Malta,Lower,7.1,6.8,6.7,6.5,6.4,6.3,6.2,6.2,6.1,6.1,6,6,6,5.9,5.8,5.7,5.5,5.3
MLT,Malta,Median,7.7,7.5,7.3,7.1,7,6.9,6.8,6.8,6.7,6.7,6.7,6.6,6.6,6.6,6.6,6.6,6.5,6.4
MLT,Malta,Upper,8.4,8.2,8,7.8,7.7,7.6,7.5,7.5,7.4,7.4,7.4,7.3,7.4,7.4,7.5,7.6,7.8,7.9
MMR,Myanmar,Lower,83,80.7,78.3,76,73.3,70.7,67.9,65,80.1,58.9,55.7,52.6,49.5,46.5,43.8,41.1,38.6,36.3
MMR,Myanmar,Median,89.8,87.4,85,82.5,80,77.5,74.8,72.1,89.7,66.7,64,61.4,59,56.6,54.4,52.4,50.5,48.6
MMR,Myanmar,Upper,97.6,95.3,92.8,90.2,87.8,85.2,82.7,80.2,100.5,75.4,73.3,71.3,69.5,67.7,66.1,65,64.1,63.8
MNE,Montenegro,Lower,13.4,12.9,12.2,11.5,10.7,9.9,9.1,8.4,7.6,6.9,6.3,5.7,5.1,4.6,4.1,3.6,3.2,2.9
MNE,Montenegro,Median,14.1,13.6,12.9,12.2,11.4,10.6,9.8,9,8.2,7.4,6.8,6.1,5.6,5,4.6,4.1,3.8,3.5
MNE,Montenegro,Upper,14.9,14.3,13.7,12.9,12.1,11.3,10.4,9.6,8.8,8,7.3,6.6,6,5.5,5.1,4.8,4.5,4.3
MNG,Mongolia,Lower,58.2,53.7,49.1,44.8,40.7,36.9,33.4,30.1,27,24.1,21.5,19.2,17.3,15.7,14.3,13.2,12.2,11.3
MNG,Mongolia,Median,63.9,59,54.3,49.8,45.6,41.7,38,34.7,31.6,28.8,26.3,24.2,22.4,21,19.8,18.8,18,17.2
MNG,Mongolia,Upper,69.8,64.7,59.8,55.2,50.8,46.9,43.3,40.1,37.2,34.5,32.2,30.2,28.8,27.7,27,26.4,26,25.7
MOZ,Mozambique,Lower,158,149.6,142.2,135.3,128.8,122.8,116.8,110.1,103.5,97,91.7,85.4,78.9,72.6,67.3,61.3,56.2,52.4
MOZ,Mozambique,Median,170.4,161.8,154,146.7,140,133.6,127.3,120.5,113.9,107.6,103.1,97.6,92.2,87.2,83.2,78.6,74.8,72.4
MOZ,Mozambique,Upper,183.8,174.9,166.7,159.1,151.9,145.2,138.6,131.7,125.3,119.6,116.5,112.3,108.5,105.6,103.7,101,99.5,99.4
MRT,Mauritania,Lower,101.3,99.7,98,95.8,93.1,89.6,85.6,81.3,76.8,72.4,68,63.7,59.8,56.1,52.6,49.2,46.1,43.3
MRT,Mauritania,Median,113.8,113.6,113.2,112.5,111.5,110,108,105.7,103.1,100.6,97.9,95,92.3,89.5,86.8,84.1,81.5,79
MRT,Mauritania,Upper,127.6,128.7,130.6,132.6,134.5,136.2,138,139.3,139.8,140.8,141.5,142.1,142.7,143.2,143.8,144.2,145,144.3
MUS,Mauritius,Lower,17.6,16.3,15.2,14.8,14.7,14.9,15.2,15.2,15,14.5,14.1,14,13.9,13.9,13.8,13.4,12.4,10.8
MUS,Mauritius,Median,18.5,17.1,16.1,15.6,15.5,15.7,16,16.1,15.8,15.4,15,14.9,14.8,14.8,14.7,14.4,13.8,13.1
MUS,Mauritius,Upper,19.5,17.9,17,16.4,16.4,16.6,16.8,17,16.8,16.3,16,15.8,15.8,15.8,15.7,15.4,15.3,15.9
MWI,Malawi,Lower,162.3,150.6,138.1,125.8,114.8,106.4,100.7,96.4,90.8,86,81.3,76,68.9,62.7,56.7,51.1,46.4,42.1
MWI,Malawi,Median,171.9,159.6,146.4,133.7,122.6,113.9,107.7,103.1,97.7,93.2,88.6,83.1,75.9,70.4,65.7,61.7,58.4,55.4
MWI,Malawi,Upper,182,168.9,155.3,142.1,131,122,115.3,110.6,105.3,101,96.4,90.6,83.5,78.8,76,73.8,72.6,71.7
MYS,Malaysia,Lower,10,9.3,8.7,8.4,8.2,8,7.9,7.8,7.7,7.6,7.5,7.4,7.3,7.3,7.3,7.4,7.5,7.5
MYS,Malaysia,Median,10.2,9.5,8.9,8.5,8.3,8.2,8,7.9,7.8,7.8,7.7,7.6,7.5,7.4,7.5,7.6,7.7,7.9
MYS,Malaysia,Upper,10.4,9.7,9.1,8.7,8.5,8.3,8.2,8.1,8,7.9,7.8,7.7,7.6,7.6,7.6,7.7,8,8.3
NAM,Namibia,Lower,69.7,70.1,70,69.4,68.2,64.1,59.2,53.8,49.7,47.8,44.7,42.6,41.5,39.2,36.9,34.5,31.8,30.2
NAM,Namibia,Median,76.2,76.6,76.5,76,74.9,70.9,66.1,60.9,57,55.9,53.4,52.3,52.1,50.5,49,47.2,45.2,44.2
NAM,Namibia,Upper,83.6,83.9,83.9,83.5,82.5,78.5,73.8,68.7,65.3,65.3,64.2,64.5,66.2,66.2,66.5,66,65.4,66.2
NER,Niger,Lower,208.5,198.9,188.8,178.4,167.7,157.1,146.8,137,127.8,119.4,111.7,104.3,97.3,90.6,84.1,77.8,72,66.8
NER,Niger,Median,223.7,213.8,203.1,191.8,180.4,169.2,158.5,148.7,139.6,131.3,123.6,116.4,109.9,104.1,98.6,93.5,88.7,84.5
NER,Niger,Upper,240.6,230.6,219.3,206.9,194.3,182.4,171.7,161.5,152.1,143.8,136.6,130.1,124.3,119.5,115.2,111.9,109.2,107
NGA,Nigeria,Lower,175,169.9,164.4,158.7,153,147.3,141.4,135.3,128.8,122,114.9,107.9,101.2,94.8,88.7,83.1,77.5,72.2
NGA,Nigeria,Median,186.2,180.6,174.9,169.1,163.2,157.3,151.5,145.7,140.1,134.7,129.6,124.7,119.9,115.6,111.6,107.5,103.8,100.2
NGA,Nigeria,Upper,197.9,192.3,186.4,180.5,174.4,168.3,162.4,157,152.2,148.5,145.5,142.7,140.5,139.3,138.3,137.8,137.8,138.1
NIC,Nicaragua,Lower,35,32.9,30.8,28.9,27,25.1,23.3,21.5,19.8,18.3,16.9,15.7,14.7,13.7,12.8,12.1,11.2,10.5
NIC,Nicaragua,Median,38.7,36.5,34.5,32.7,31,29.3,27.8,26.3,25,23.7,22.6,21.6,20.7,19.9,19.2,18.5,17.9,17.2
NIC,Nicaragua,Upper,42.6,40.5,38.6,36.9,35.5,34.2,33.1,32.2,31.4,30.7,30,29.5,29.2,28.9,28.7,28.5,28.2,28.1
NIU,Niue,Lower,15.4,15.8,16.1,16.3,16.3,16.1,15.8,15.3,14.8,14.2,13.6,13,12.4,11.7,11.1,10.5,9.9,9.4
NIU,Niue,Median,23.2,24.5,25.6,26.7,27.5,27.8,27.9,27.6,27.4,27,26.3,25.7,25,24.2,23.6,22.9,22.2,21.5
NIU,Niue,Upper,35.3,38,41.2,44.3,46.9,48.9,50.2,51.1,51.7,52.5,52.5,52.7,52.7,52.4,52,51.4,51.3,50.7
NLD,Netherlands,Lower,6.1,5.9,5.8,5.6,5.4,5.2,5,4.8,4.6,4.5,4.3,4.2,4.1,4,4,3.9,3.9,3.8
NLD,Netherlands,Median,6.2,6.1,5.9,5.7,5.5,5.3,5.1,4.9,4.7,4.6,4.4,4.3,4.2,4.1,4.1,4,4,3.9
NLD,Netherlands,Upper,6.3,6.2,6,5.8,5.6,5.4,5.2,5,4.8,4.7,4.5,4.4,4.3,4.2,4.2,4.1,4.1,4.1
NOR,Norway,Lower,4.7,4.5,4.4,4.2,4,3.9,3.7,3.5,3.4,3.2,3.1,2.9,2.8,2.7,2.6,2.5,2.3,2.2
NOR,Norway,Median,4.9,4.7,4.5,4.4,4.2,4,3.9,3.7,3.5,3.4,3.2,3.1,3,2.9,2.8,2.7,2.6,2.6
NOR,Norway,Upper,5.1,4.9,4.7,4.6,4.4,4.2,4,3.9,3.7,3.6,3.4,3.3,3.1,3.1,3,3,3,3
NPL,Nepal,Lower,76.4,72.1,68,64.1,60.5,57.1,53.9,51,48.1,45.4,42.8,40.3,37.8,35.4,33.3,31.3,29.3,27.5
NPL,Nepal,Median,81.5,77,72.7,68.7,65,61.5,58.2,55.2,52.3,49.7,47.1,44.8,42.4,40.3,38.3,36.6,35,33.7
NPL,Nepal,Upper,87.1,82.3,77.9,73.8,69.9,66.3,63,59.9,57,54.3,51.9,49.7,47.6,45.8,44.2,43,42.1,41.5
NRU,Nauru,Lower,35.4,34.8,34.1,33.5,32.8,32.2,31.4,30.8,30,29,28,26.6,25.3,24.2,22.8,21.5,20.3,19.1
NRU,Nauru,Median,41.3,40.3,39.5,38.9,38.6,38.5,38.6,38.9,39.2,39.2,38.8,38.3,37.6,36.8,35.9,35,34,33
NRU,Nauru,Upper,48.3,46.7,45.8,45.3,45.3,46.1,47.2,48.8,50.6,52,53,54,54.4,54.9,55.3,55.6,55.8,56.1
NZL,New Zealand,Lower,7.2,7,6.8,6.7,6.5,6.4,6.3,6.2,6.2,6.1,6,5.9,5.7,5.5,5.3,5,4.7,4.4
NZL,New Zealand,Median,7.4,7.2,7,6.9,6.7,6.6,6.5,6.4,6.4,6.3,6.2,6.1,6,5.9,5.7,5.6,5.4,5.3
NZL,New Zealand,Upper,7.6,7.4,7.3,7.1,7,6.8,6.7,6.7,6.6,6.5,6.4,6.3,6.2,6.2,6.2,6.2,6.2,6.2
OMN,Oman,Lower,14.4,13.5,12.8,12.3,11.9,11.7,11.6,11.5,11.4,11.4,11.3,11.2,11.1,11,10.9,10.9,10.8,10.7
OMN,Oman,Median,16.5,15.4,14.5,13.8,13.2,12.8,12.4,12.1,11.9,11.7,11.6,11.5,11.4,11.3,11.2,11.2,11.3,11.3
OMN,Oman,Upper,18.9,17.7,16.5,15.5,14.6,13.9,13.3,12.8,12.4,12.1,11.9,11.8,11.7,11.6,11.5,11.6,11.8,12
PAK,Pakistan,Lower,107.8,105.2,102.7,100.4,98,95.5,93,90.4,87.7,84.9,82.1,79.1,75.8,72.2,68,63.9,60,56.3
PAK,Pakistan,Median,112.6,110,107.5,105.2,103,100.9,98.8,96.8,94.8,92.8,90.8,88.8,86.6,84.3,81.9,79.5,77.1,74.9
PAK,Pakistan,Upper,117.5,114.9,112.5,110.3,108.3,106.4,104.8,103.6,102.3,101.4,100.6,99.8,99.1,98.9,98.8,98.9,99.8,99.9
PAN,Panama,Lower,22.3,21.5,20.7,19.9,19.1,18.4,17.6,16.8,15.9,15,14.2,13.4,12.5,11.7,11,10.4,9.7,9.2
PAN,Panama,Median,26.1,25.6,24.9,24.3,23.7,23.1,22.5,22,21.3,20.7,20.1,19.5,18.9,18.4,17.8,17.2,16.7,16.1
PAN,Panama,Upper,30.1,29.8,29.6,29.3,29.1,28.9,28.8,28.6,28.5,28.5,28.4,28.3,28.3,28.3,28.3,28.2,28.2,28.1
PER,Peru,Lower,36.1,33.3,30.8,28.5,26.6,25,23.4,22.1,20.8,19.7,18.5,17.4,16.3,15.2,14.1,13.2,12.3,11.5
PER,Peru,Median,38.7,35.7,33.1,30.7,28.7,26.8,25.2,23.8,22.5,21.4,20.3,19.4,18.5,17.7,16.9,16.2,15.5,15
PER,Peru,Upper,41.2,38.2,35.4,33,30.8,28.9,27.2,25.7,24.4,23.2,22.3,21.6,21,20.7,20.4,20.2,20,19.8
PHL,Philippines,Lower,35.9,35.1,34.2,33.4,32.5,31.7,30.9,30.3,29.6,28.9,28.3,27.7,27,26.2,25.4,24.5,23.6,22.6
PHL,Philippines,Median,38.7,37.8,36.9,36,35.1,34.4,33.6,33,32.4,31.9,31.3,30.9,30.4,30,29.6,29.1,28.6,28.1
PHL,Philippines,Upper,41.7,40.8,39.8,39,38.1,37.3,36.6,36,35.5,35,34.7,34.4,34.4,34.4,34.5,34.8,35.1,35.3
PLW,Palau,Lower,22.9,21.9,20.8,19.6,18.5,17.3,16.3,15.2,14.3,13.4,12.5,11.7,10.9,10.3,9.6,9,8.4,7.9
PLW,Palau,Median,26.7,25.9,25,24.2,23.5,22.7,22,21.3,20.6,20,19.3,18.7,18,17.4,16.9,16.3,15.8,15.3
PLW,Palau,Upper,31.3,30.7,30.3,30,29.9,29.8,29.8,29.8,29.8,29.8,29.8,29.9,29.8,29.7,29.7,29.6,29.4,29.3
PNG,Papua New Guinea,Lower,67.8,66.5,65.2,63.9,62.4,60.7,58.9,56.6,54,51.2,48.3,45.4,42.8,40.2,37.7,35.3,33.2,31.2
PNG,Papua New Guinea,Median,77.7,77.1,76.4,75.7,75.1,74.2,73,71.7,70.1,68.3,66.4,64.7,62.9,60.8,59,57.1,55.2,53.4
PNG,Papua New Guinea,Upper,89.3,89.5,89.8,90.1,90.8,91.6,92,92.6,92.6,92.7,93.2,93.4,94.2,94.4,94.7,94.5,93.9,93.7
POL,Poland,Lower,9.1,8.6,8.3,7.9,7.7,7.4,7.1,6.9,6.6,6.2,5.8,5.5,5.3,5.1,4.9,4.8,4.7,4.6
POL,Poland,Median,9.3,8.8,8.4,8.1,7.8,7.6,7.3,7,6.7,6.3,6,5.6,5.4,5.2,5,4.9,4.8,4.7
POL,Poland,Upper,9.5,9,8.6,8.3,8,7.7,7.5,7.2,6.9,6.5,6.1,5.8,5.5,5.3,5.1,5,4.9,4.9
PRK,Democratic People's Republic of Korea,Lower,47.2,40.9,35.1,30.6,27.5,25.9,25.4,25.3,25,24.3,23.2,21.8,20.2,18.8,17.6,16.6,15.7,15
PRK,Democratic People's Republic of Korea,Median,59.9,52,44.6,38.8,34.9,32.9,32.3,32.2,31.8,30.9,29.5,27.6,25.7,23.9,22.4,21,20,19
PRK,Democratic People's Republic of Korea,Upper,76.9,66.7,57.3,49.8,44.8,42.3,41.5,41.3,40.8,39.7,37.9,35.5,33,30.7,28.7,27,25.6,24.4
PRT,Portugal,Lower,7,6.5,5.9,5.4,4.9,4.5,4.3,4.1,3.9,3.8,3.7,3.6,3.6,3.5,3.5,3.5,3.4,3.3
PRT,Portugal,Median,7.2,6.7,6.1,5.6,5.1,4.7,4.4,4.2,4.1,4,3.9,3.8,3.7,3.7,3.7,3.7,3.7,3.7
PRT,Portugal,Upper,7.4,6.9,6.3,5.8,5.3,4.9,4.6,4.4,4.2,4.1,4,3.9,3.9,3.9,3.8,3.9,4,4.1
PRY,Paraguay,Lower,28.2,27.2,26.1,25,23.8,22.7,21.5,20.5,19.4,18.4,17.4,16.5,15.5,14.6,13.7,13,12.2,11.5
PRY,Paraguay,Median,33.9,33.1,32.4,31.6,30.9,30.2,29.4,28.6,27.7,26.9,26.1,25.4,24.6,23.8,23.1,22.4,21.6,21
PRY,Paraguay,Upper,40.5,40.3,40.2,40.1,40.3,40.5,40.8,40.7,40.8,40.6,40.4,40.4,40.1,39.9,39.8,39.5,39.4,39.2
PSE,State of Palestine,Lower,27.8,26.9,26.1,25.4,24.6,23.9,23.1,22.3,21.6,20.9,20.2,19.6,19,18.4,17.8,17.1,16.4,15.7
PSE,State of Palestine,Median,30.2,29.3,28.5,27.8,27.1,26.4,25.7,25,24.5,23.9,23.5,23.1,22.8,22.5,22.2,21.9,21.4,20.9
PSE,State of Palestine,Upper,32.7,31.9,31.1,30.4,29.7,29.1,28.6,28.1,27.7,27.5,27.4,27.4,27.6,27.8,28.1,28.2,28.2,28.2
QAT,Qatar,Lower,11.9,11.5,11,10.6,10.3,9.9,9.6,9.3,9.1,8.9,8.7,8.5,8.3,8.1,7.9,7.6,7.3,6.9
QAT,Qatar,Median,12.5,12,11.6,11.2,10.8,10.4,10.1,9.8,9.5,9.3,9.1,8.9,8.7,8.5,8.3,8.1,7.8,7.6
QAT,Qatar,Upper,13.1,12.7,12.2,11.7,11.3,10.9,10.6,10.3,10,9.7,9.5,9.3,9.1,8.9,8.7,8.6,8.5,8.4
ROU,Romania,Lower,21.3,20.6,20,19.5,18.8,17.5,15.9,14.1,12.7,11.7,11.2,11,10.8,10.4,9.7,9,8.1,7.1
ROU,Romania,Median,21.9,21.1,20.6,20,19.3,18,16.2,14.4,13,12,11.5,11.3,11.1,10.6,10,9.2,8.5,7.8
ROU,Romania,Upper,22.5,21.6,21.1,20.5,19.7,18.5,16.6,14.8,13.3,12.3,11.8,11.5,11.4,10.9,10.2,9.5,8.8,8.6
RUS,Russian Federation,Lower,19,18,16.9,15.8,14.7,13.6,12.6,11.7,11,10.5,10.2,9.9,9.6,9.3,8.9,8.3,7.6,7
RUS,Russian Federation,Median,19.4,18.4,17.3,16.1,14.9,13.8,12.8,12,11.2,10.7,10.4,10.1,9.8,9.5,9.1,8.6,8,7.6
RUS,Russian Federation,Upper,19.7,18.7,17.6,16.4,15.2,14.1,13.1,12.2,11.5,10.9,10.6,10.3,10,9.7,9.3,8.8,8.4,8.2
RWA,Rwanda,Lower,168.1,157.3,143.7,129.5,115.1,102.1,90.6,80.8,72.2,64.5,56.8,48.7,41.9,36.5,32.3,28.8,26,23.6
RWA,Rwanda,Median,181.4,168.5,153.9,138.9,123.9,110.2,98.3,88.1,79.2,71.3,64.4,57.5,52.2,48,44.7,42,39.8,37.9
RWA,Rwanda,Upper,196.3,180.8,164.9,149,133.5,119.3,106.8,96.1,86.8,79,73.2,68.2,65.4,63.5,62.3,61.6,61.4,61.6
SAU,Saudi Arabia,Lower,19.6,18.5,17.5,16.5,15.5,14.5,13.6,12.7,11.8,11,10.3,9.5,8.9,8.3,7.6,7.1,6.4,5.9
SAU,Saudi Arabia,Median,22,20.7,19.6,18.5,17.5,16.5,15.5,14.6,13.7,12.8,12,11.2,10.5,9.8,9.1,8.4,7.9,7.4
SAU,Saudi Arabia,Upper,24.6,23.2,22.1,21.1,20.3,19.5,18.8,18.1,17.2,16.2,15.2,14.1,13.1,12.1,11.2,10.5,10,9.5
SDN,Sudan,Lower,96.5,93.2,90,86.8,83.5,80.5,77.7,75,72.4,70,67.6,65.1,62.7,60.3,57.7,55.1,52.4,49.5
SDN,Sudan,Median,104.8,101.5,98.1,94.8,91.7,88.8,86.1,83.5,81.1,78.9,76.8,74.8,72.9,71,69.1,67.1,65.2,63.2
SDN,Sudan,Upper,113.6,110,106.5,103.3,100.2,97.3,94.7,92.3,90.2,88.3,86.6,85.1,84.2,83,82.1,81.2,80.8,80.5
SEN,Senegal,Lower,124.1,117.6,110.3,102.6,95,87.8,81.2,75.3,70.1,65.4,61.1,57.1,53.3,49.4,45.7,42.2,39,36.1
SEN,Senegal,Median,131.7,125.1,117.3,109.2,101.3,94,87.2,81.1,75.7,70.9,66.5,62.6,59,55.6,52.6,49.8,47.5,45.4
SEN,Senegal,Upper,140.2,133.2,125,116.5,108.2,100.6,93.6,87.3,81.7,76.7,72.2,68.4,65.1,62.6,60.7,59.3,58.3,57.7
SGP,Singapore,Lower,3.7,3.4,3.2,3,2.9,2.8,2.7,2.7,2.7,2.7,2.6,2.6,2.6,2.6,2.5,2.5,2.5,2.4
SGP,Singapore,Median,3.9,3.6,3.4,3.2,3,2.9,2.9,2.9,2.8,2.8,2.8,2.8,2.8,2.7,2.7,2.7,2.8,2.8
SGP,Singapore,Upper,4.1,3.8,3.6,3.4,3.2,3.1,3.1,3,3,3,3,3,2.9,2.9,2.9,3,3.1,3.3
SLB,Solomon Islands,Lower,27.1,26.8,26.4,26.1,25.7,25.3,24.7,24.2,23.4,22.7,21.8,20.7,19.6,18.5,17.3,16.4,15.4,14.5
SLB,Solomon Islands,Median,30.3,29.9,29.5,29.2,29,28.6,28.2,27.7,27.1,26.4,25.7,24.9,24.1,23.4,22.6,21.9,21.2,20.6
SLB,Solomon Islands,Upper,33.8,33.4,33.1,32.9,32.8,32.8,32.5,32.1,31.5,30.9,30.4,29.9,29.6,29.3,29,28.9,28.8,28.6
SLE,Sierra Leone,Lower,217.9,213,207.6,202,196,189.8,183,175.6,167.7,159.5,150.9,142.2,133.5,124.5,115.6,107,99,91.9
SLE,Sierra Leone,Median,233.1,227.7,222,216,209.8,203.2,196.1,188.6,180.5,171.9,163.2,154.3,145.6,137.3,129.4,122.2,115.9,110.5
SLE,Sierra Leone,Upper,250.2,244.3,238.1,231.8,225.2,218.3,211,203.1,194.9,185.9,176.8,167.7,159.3,151.7,145,139.3,134.5,131
SLV,El Salvador,Lower,29.6,27.9,26.3,24.7,23.3,21.9,20.5,19.2,18,16.8,15.6,14.5,13.5,12.6,11.8,11.1,10.4,9.7
SLV,El Salvador,Median,32.9,31.1,29.4,27.9,26.4,25,23.7,22.5,21.4,20.3,19.4,18.4,17.6,16.9,16.2,15.5,15,14.5
SLV,El Salvador,Upper,36.4,34.6,32.9,31.4,30,28.6,27.5,26.4,25.4,24.7,24,23.4,23,22.5,22.1,21.9,21.6,21.6
SMR,San Marino,Lower,4.4,4.1,3.8,3.5,3.3,3,2.7,2.5,2.3,2.1,1.9,1.7,1.5,1.4,1.3,1.1,1.1,1
SMR,San Marino,Median,5.9,5.6,5.2,4.9,4.7,4.4,4.1,3.9,3.7,3.5,3.3,3.1,2.9,2.7,2.6,2.5,2.3,2.2
SMR,San Marino,Upper,7.8,7.5,7.2,6.9,6.7,6.5,6.3,6.1,6,5.9,5.7,5.7,5.6,5.5,5.5,5.4,5.3,5.3
SOM,Somalia,Lower,137.2,137.2,137.2,137.2,137.2,137.2,136.2,133.2,127,119.1,111.1,103.6,96.2,89.9,84.2,78.5,73.5,68.7
SOM,Somalia,Median,173.3,173.3,173.3,173.3,173.3,173.2,172.6,170.5,167,163.1,158.6,153.5,148.9,144.1,139.8,135.6,131.5,127.2
SOM,Somalia,Upper,223,223,223,223,223,223,222.8,222.6,224.4,227.8,230.1,230.6,232.7,233.8,234.4,235.7,237.6,239.2
SRB,Serbia,Lower,12.3,11.8,11.2,10.4,9.4,8.6,8.2,7.9,7.7,7.5,7.4,7.2,6.9,6.6,6.4,6.1,5.7,5.1
SRB,Serbia,Median,12.6,12.1,11.5,10.6,9.7,8.9,8.4,8.1,7.9,7.8,7.6,7.4,7.1,6.9,6.6,6.3,6,5.7
SRB,Serbia,Upper,12.9,12.4,11.9,10.9,9.9,9.2,8.7,8.4,8.2,8,7.9,7.6,7.4,7.1,6.8,6.5,6.4,6.3
SSD,South Sudan,Lower,156,148.5,140.5,132.6,124.9,116.9,109,100.4,91.9,83.9,75.6,68.3,62.3,57.8,53.9,50.4,46.7,43
SSD,South Sudan,Median,182.9,173.4,164.4,155.7,147.5,139.7,132.5,125.7,119.2,112.9,107.1,102.1,98.6,96.9,96.4,96.4,96.4,96.4
SSD,South Sudan,Upper,214.9,203.6,193.1,183.1,173.9,166.4,160.2,155.3,151.2,148,145.8,144.7,146.3,150.6,157.3,164.7,173.1,181.9
STP,Sao Tome and Principe,Lower,74.5,69.8,65.4,61,56.9,53,49.4,45.9,42.6,39.3,36.2,33.3,30.6,28.1,26.1,24.3,22.5,21
STP,Sao Tome and Principe,Median,85,80.1,75.3,70.6,66.2,62,58.2,54.6,51.3,48.3,45.5,42.9,40.5,38.5,36.7,35.1,33.7,32.4
STP,Sao Tome and Principe,Upper,97,91.9,86.9,81.9,77.3,72.8,68.8,65.3,62,59.3,57.1,55.1,53.5,52.1,51,50.3,49.6,49.2
SUR,Suriname,Lower,27.1,25.6,24,22.5,21.1,19.9,18.7,17.6,16.6,15.6,14.7,13.7,13,12.2,11.5,10.8,10.1,9.5
SUR,Suriname,Median,34.5,33.3,32.2,31.1,30,29,28,27.1,26.2,25.4,24.6,23.8,23,22.2,21.6,20.9,20.2,19.6
SUR,Suriname,Upper,44.2,43.8,43.5,43.1,42.8,42.7,42.6,42.4,42.5,42.4,42.3,42,42.1,42,41.8,41.6,41.6,41.5
SVK,Slovakia,Lower,9.5,9.2,8.9,8.6,8.3,8,7.8,7.5,7.2,7,6.8,6.6,6.4,6.2,6,5.8,5.5,5.3
SVK,Slovakia,Median,9.8,9.4,9.1,8.8,8.5,8.2,7.9,7.7,7.4,7.2,7,6.8,6.6,6.4,6.2,6,5.8,5.6
SVK,Slovakia,Upper,10,9.6,9.3,9,8.7,8.4,8.1,7.9,7.6,7.4,7.2,6.9,6.7,6.6,6.4,6.2,6.1,5.9
SVN,Slovenia,Lower,5.2,5,4.7,4.5,4.3,4,3.8,3.6,3.4,3.2,3,2.9,2.7,2.5,2.3,2.2,2,1.9
SVN,Slovenia,Median,5.5,5.3,5,4.7,4.5,4.3,4,3.8,3.6,3.4,3.2,3,2.9,2.7,2.5,2.4,2.3,2.1
SVN,Slovenia,Upper,5.8,5.5,5.2,5,4.8,4.5,4.3,4.1,3.8,3.6,3.4,3.3,3.1,2.9,2.8,2.6,2.5,2.4
SWE,Sweden,Lower,4,3.9,3.8,3.7,3.6,3.5,3.3,3.2,3.1,3,2.9,2.9,2.8,2.8,2.8,2.8,2.7,2.7
SWE,Sweden,Median,4.1,4.1,4,3.9,3.7,3.6,3.4,3.3,3.2,3.1,3,3,3,2.9,2.9,2.9,2.9,2.8
SWE,Sweden,Upper,4.3,4.2,4.1,4,3.9,3.7,3.6,3.4,3.3,3.2,3.2,3.1,3.1,3.1,3,3,3,3
SWZ,Eswatini,Lower,113.6,116.5,117.9,118.5,117.4,115.1,106.9,100.2,95.2,88.1,78.4,66.2,54.9,49.3,44.4,39.6,37.4,34.6
SWZ,Eswatini,Median,126.1,129.6,131.6,132.4,131.4,129,119.9,113.4,108.7,102.1,92.9,81.4,70.1,65.7,62.2,57.8,56.3,53.9
SWZ,Eswatini,Upper,140.4,144.4,146.6,147.8,146.9,144.7,135.2,128.8,124.5,119.5,111.9,101.5,91.1,88.9,87.2,83.8,84.2,83.3
SYC,Seychelles,Lower,12.2,12.3,12.4,12.5,12.5,12.6,12.7,12.7,12.8,12.8,12.8,12.9,12.8,12.8,12.6,12.3,11.9,11.4
SYC,Seychelles,Median,13.6,13.7,13.7,13.8,13.9,14,14.1,14.1,14.2,14.2,14.2,14.3,14.4,14.4,14.5,14.5,14.4,14.2
SYC,Seychelles,Upper,15.1,15.1,15.2,15.3,15.4,15.5,15.6,15.6,15.7,15.7,15.8,15.8,16,16.2,16.6,17,17.4,17.7
SYR,Syrian Arab Republic,Lower,21.5,20.5,19.6,18.7,17.9,17,16.2,15.3,14.6,14.1,13.7,13.7,14.7,14.3,14,13.4,13.4,12.8
SYR,Syrian Arab Republic,Median,23.4,22.4,21.4,20.5,19.6,18.8,18,17.2,16.6,16.2,16,16.2,17.7,17.6,17.5,17.2,17.5,17
SYR,Syrian Arab Republic,Upper,25.5,24.4,23.4,22.5,21.6,20.8,20.2,19.5,19.1,19,19.2,19.9,22.2,22.5,23,23.1,24.3,24.3
TCD,Chad,Lower,173.4,170,166.7,163.4,159.9,156.4,152.7,148.7,144.4,140,135.6,130.8,126.2,121.1,116.1,110.8,105.4,99.7
TCD,Chad,Median,186.5,183.3,180,176.5,173.2,169.7,166.2,162.3,158.4,154.4,150.2,146.1,142.2,138.4,134.7,130.8,126.9,123.2
TCD,Chad,Upper,201.2,197.6,194.4,191,187.7,184.1,180.6,176.8,173.1,169.3,165.7,162.5,159.5,156.9,154.2,152.5,151.2,150.1
TGO,Togo,Lower,111.8,108.6,105.4,102.4,99.1,96,92.9,89.8,86.7,83.6,80.4,77.2,74.2,71,67.7,64.2,60.6,56.7
TGO,Togo,Median,120.6,117.3,114.1,110.8,107.7,104.6,101.7,98.7,95.9,93.1,90.4,87.7,85.1,82.6,80.1,77.7,75.3,72.9
TGO,Togo,Upper,130.1,126.6,123.3,120.1,117,114,111.2,108.4,105.7,103.3,101,99,97,95.3,94.1,93.3,92.9,93.2
THA,Thailand,Lower,19.7,18.7,17.7,16.8,16,15.1,14.4,13.7,13,12.3,11.7,11.1,10.6,10.1,9.5,9,8.5,8.1
THA,Thailand,Median,21.8,20.8,19.7,18.8,17.9,17,16.2,15.4,14.7,14,13.3,12.7,12.1,11.5,11,10.4,10,9.5
THA,Thailand,Upper,23.9,22.8,21.8,20.8,19.8,19,18.2,17.4,16.7,16,15.3,14.7,14.2,13.6,13.2,12.8,12.4,12
TJK,Tajikistan,Lower,78.3,71.9,65.7,59.9,54.8,50.4,46.7,43.6,41.2,39.1,37.1,35.3,33.8,32.2,30.7,29,27,25
TJK,Tajikistan,Median,87.6,80.9,74.2,68.1,62.5,57.7,53.6,50.2,47.3,44.8,42.8,41,39.5,38.2,37,35.8,34.6,33.6
TJK,Tajikistan,Upper,98.1,91,83.9,77.3,71.2,65.9,61.4,57.5,54.2,51.5,49.3,47.6,46.1,45,44.3,44.2,44.8,45.7
TKM,Turkmenistan,Lower,66.8,61.9,56.7,51.5,47,43.1,39.8,36.8,34.3,31.9,29.8,28.1,26.6,25.3,23.9,22.5,21.3,20.1
TKM,Turkmenistan,Median,80.7,78.4,76.2,74,71.9,69.7,67.6,65.6,63.6,61.4,59.4,57.5,55.8,54,52.2,50.5,48.8,47.3
TKM,Turkmenistan,Upper,98.6,99.6,100.9,101.8,102.8,104.1,104.4,104.3,104.5,104.4,103.9,103.6,103.3,103.1,102.4,102.6,102.2,101.1
TLS,Timor-Leste,Lower,98.7,93.4,88,82.6,77.3,72.1,66.9,62,57.6,53.5,49.8,46.2,43.1,39.8,37.1,34.6,32.2,30.1
TLS,Timor-Leste,Median,108.3,102.7,97.2,91.8,86.7,81.7,76.8,72.4,68.6,65.2,62.2,59.6,57.2,55.1,52.9,51.2,49.4,47.6
TLS,Timor-Leste,Upper,118.9,113,107.3,102,96.9,92.1,87.6,83.5,80.2,77.8,75.9,74.7,74.2,74.3,73.9,74,74.2,74
TON,Tonga,Lower,14.6,14.3,14,13.8,13.6,13.5,13.5,13.4,13.3,13.2,13,12.7,12.4,12,11.4,10.9,10.3,9.8
TON,Tonga,Median,17.5,17.2,16.9,16.7,16.6,16.5,16.6,16.7,16.9,17.1,17.4,17.5,17.5,17.3,17.1,16.7,16.4,16
TON,Tonga,Upper,20.9,20.6,20.3,20.1,20,20.1,20.3,20.7,21.4,22.2,23.1,24,24.7,25.2,25.5,25.8,26,26
TTO,Trinidad and Tobago,Lower,27.5,27.2,26.9,26.4,25.9,25.4,24.8,24.1,23.3,22.4,21.5,20.5,19.5,18.5,17.5,16.5,15.5,14.7
TTO,Trinidad and Tobago,Median,32.7,32.8,32.8,32.9,32.9,32.9,32.9,32.8,32.4,32,31.4,30.7,30,29.2,28.5,27.7,26.9,26.1
TTO,Trinidad and Tobago,Upper,39.4,40.1,40.7,41.5,42.4,43.5,45,46.2,47.3,47.8,48.1,48.2,48.3,48.3,48.5,48.5,48.4,48
TUN,Tunisia,Lower,27.2,25.5,24,22.8,21.7,20.9,20.1,19.5,18.6,17.2,15.7,14.4,13.2,12.2,11.2,10.4,9.6,9
TUN,Tunisia,Median,31.7,29.7,27.8,26.1,24.5,23.1,21.8,20.5,19.4,18.3,17.4,16.5,15.8,15.1,14.5,14,13.5,13
TUN,Tunisia,Upper,37.4,34.8,32.5,30.1,27.9,25.7,23.6,21.7,20.2,19.4,19.1,18.9,18.8,18.7,18.7,18.7,18.8,18.7
TUR,Turkey,Lower,36.6,34.1,31.7,29.5,27.4,25.5,23.7,22.1,20.5,19.1,17.8,16.6,15.4,14.3,13.2,12.2,11.2,10.3
TUR,Turkey,Median,39.2,36.6,34.1,31.7,29.5,27.5,25.6,23.8,22.1,20.6,19.2,17.9,16.6,15.5,14.4,13.4,12.5,11.6
TUR,Turkey,Upper,42.9,40.1,37.4,34.8,32.4,30.1,28,26,24.1,22.4,20.8,19.3,18,16.8,15.7,14.8,13.9,13.1
TUV,Tuvalu,Lower,37.6,36,34.6,33.1,31.7,30.3,28.8,27.3,25.7,24.2,22.7,21.2,19.9,18.6,17.4,16.2,15.2,14.3
TUV,Tuvalu,Median,41.9,40.5,39.2,38.1,37.1,36.1,35.1,34.1,33.1,32.2,31.1,30.1,29.2,28.3,27.4,26.6,25.7,24.9
TUV,Tuvalu,Upper,46.7,45.4,44.4,43.6,43.1,42.8,42.7,42.6,42.6,42.7,42.7,42.9,42.8,43,43.1,43.2,43.5,43.6
TZA,United Republic of Tanzania,Lower,122.8,115.4,107.7,100.3,93.6,87.7,82.6,78.1,73.9,70.3,66.5,62.4,58.8,55.6,52.6,49,46,43
TZA,United Republic of Tanzania,Median,130.4,122.6,114.7,107.2,100.5,94.3,89.3,84.7,80.5,76.9,73.4,69.5,66.2,63.6,61.3,58.3,56.1,54
TZA,United Republic of Tanzania,Upper,138.6,130.2,122.1,114.5,107.6,101.4,96.2,91.6,87.6,84.3,80.8,77.4,74.7,73,71.8,70.1,69.3,68.7
UGA,Uganda,Lower,137.9,131.6,124.6,117.1,109.6,102.2,95.3,88.9,83,77.6,72.3,67.2,61.4,56.6,52.4,48,43.6,40.1
UGA,Uganda,Median,146,139.5,132.1,124.4,116.5,108.8,101.6,94.9,88.8,83.4,78,73,67.3,62.7,59,55.3,51.6,49
UGA,Uganda,Upper,154.5,147.9,140.2,132.1,123.8,115.8,108.4,101.6,95.3,89.7,84.4,79.5,73.9,69.5,66.5,63.8,61.3,59.8
UKR,Ukraine,Lower,16.8,16.2,15.5,14.9,14.4,13.9,13.5,13.1,12.5,12,11.4,10.8,10.3,9.9,9.5,9.1,8.6,8.1
UKR,Ukraine,Median,18.5,17.6,16.8,15.9,15.2,14.5,13.9,13.4,12.9,12.3,11.7,11.2,10.7,10.2,9.8,9.4,9.1,8.8
UKR,Ukraine,Upper,20.7,19.4,18.2,17,15.9,15,14.3,13.8,13.2,12.7,12.1,11.5,11,10.5,10.1,9.8,9.6,9.5
URY,Uruguay,Lower,16.6,16.2,15.8,15.4,14.8,14,13.2,12.3,11.5,10.9,10.3,9.9,9.6,9.3,9,8.6,8.2,7.7
URY,Uruguay,Median,17,16.6,16.2,15.8,15.2,14.4,13.5,12.7,11.9,11.2,10.7,10.2,9.9,9.6,9.3,8.9,8.6,8.2
URY,Uruguay,Upper,17.4,17,16.6,16.2,15.6,14.8,13.9,13,12.2,11.6,11,10.6,10.3,10,9.6,9.3,8.9,8.7
USA,United States,Lower,8.3,8.2,8.1,8,7.9,7.8,7.7,7.6,7.5,7.4,7.2,7.1,6.9,6.8,6.8,6.7,6.5,6.4
USA,United States,Median,8.4,8.3,8.2,8.1,8.1,8,7.9,7.7,7.6,7.5,7.3,7.2,7.1,7,6.9,6.8,6.7,6.6
USA,United States,Upper,8.6,8.5,8.4,8.3,8.2,8.1,8,7.9,7.7,7.6,7.5,7.3,7.2,7.1,7,6.9,6.9,6.9
UZB,Uzbekistan,Lower,54.4,51.6,48.5,45.2,42.1,39.1,36.5,33.9,31.8,29.8,28.1,26.8,25.4,24.2,23.1,21.7,20.1,18.2
UZB,Uzbekistan,Median,62.3,59.8,57.1,54.4,51.7,49,46.3,43.7,41.1,38.6,36.2,33.8,31.6,29.5,27.5,25.6,23.9,22.5
UZB,Uzbekistan,Upper,71.6,69.7,67.8,65.7,63.8,61.3,58.7,55.6,52.4,49.1,45.6,42,38.7,35.4,32.4,30,28.4,27.4
VCT,Saint Vincent and the Grenadines,Lower,20.8,20.7,20.6,20.6,20.5,20.5,20.5,20.3,20,19.6,19.1,18.4,17.6,16.7,15.7,14.7,13.8,12.9
VCT,Saint Vincent and the Grenadines,Median,22.5,22.4,22.3,22.3,22.3,22.3,22.2,22,21.7,21.3,20.8,20.1,19.5,18.8,18.1,17.4,16.8,16.2
VCT,Saint Vincent and the Grenadines,Upper,24.3,24.2,24.2,24.2,24.2,24.2,24.1,24,23.7,23.2,22.6,22.1,21.5,21.1,20.8,20.6,20.4,20.4
VEN,Venezuela (Bolivarian Republic of)**,Lower,21.2,20.6,20,19.4,18.8,18.2,17.6,17.1,16.7,16.5,16.3,16.3,16.6,17.6,19.3,21.9,25.5,29.3
VEN,Venezuela (Bolivarian Republic of)**,Median,21.7,21,20.4,19.8,19.2,18.5,17.9,17.4,17,16.8,16.6,16.6,17,17.9,19.7,22.5,26.4,30.9
VEN,Venezuela (Bolivarian Republic of)**,Upper,22.1,21.4,20.8,20.2,19.5,18.9,18.3,17.8,17.4,17.1,17,16.9,17.3,18.3,20.2,23.1,27.4,32.6
VNM,Viet Nam,Lower,25,23.7,22.6,21.7,21.1,20.7,20.5,20.4,20.4,20.6,20.7,20.8,20.7,20.4,19.8,19,18.2,17.3
VNM,Viet Nam,Median,29.7,28.4,27.3,26.3,25.5,24.8,24.3,23.9,23.5,23.2,22.9,22.7,22.4,22.2,21.9,21.6,21.3,20.9
VNM,Viet Nam,Upper,34.6,33.3,32.1,30.9,29.9,28.9,28,27.1,26.4,25.7,25,24.5,24.2,24.3,24.6,25.1,25.6,26
VUT,Vanuatu,Lower,24.4,24.2,23.9,23.7,23.7,23.7,23.6,23.6,23.4,23.2,22.8,22.3,21.7,20.9,20,19.1,18.2,17.2
VUT,Vanuatu,Median,28.6,28.4,28.2,28.2,28.2,28.3,28.5,28.6,28.8,29,29.1,29.3,29.3,29.1,28.7,28.2,27.6,26.9
VUT,Vanuatu,Upper,33.8,33.5,33.5,33.6,33.7,34,34.4,34.8,35.4,36.3,37.4,38.7,39.9,40.8,41.4,41.9,42.1,42.3
WSM,Samoa,Lower,18.8,18.1,17.5,17,16.6,16.2,16,15.8,15.6,19.7,15,14.6,14.1,13.5,13,12.3,11.7,11.1
WSM,Samoa,Median,21.8,21.2,20.6,20.1,19.8,19.4,19.2,19,18.9,24.2,18.6,18.5,18.4,18.1,17.7,17.3,16.9,16.5
WSM,Samoa,Upper,25,24.4,24,23.6,23.3,23.1,22.9,22.7,22.5,28.8,22.4,22.6,22.8,23.1,23.4,23.5,23.7,23.8
YEM,Yemen,Lower,87.9,83.6,79.1,74.7,70.4,66.1,62.2,58.2,54.6,51.4,48.9,47.1,45.8,44.4,42.8,41.2,39.5,37.7
YEM,Yemen,Median,95.2,90.6,85.9,81.3,76.9,72.7,68.7,64.9,61.3,58.4,56.4,55.5,55.4,55.4,55.4,55.4,55.4,55.4
YEM,Yemen,Upper,103.3,98.2,93.3,88.5,83.9,79.6,75.7,71.9,68.6,65.9,64.7,64.9,66.3,68.2,70.5,73.1,75.8,79.2
ZAF,South Africa,Lower,70.3,72.9,75.1,76.5,76.8,76.2,74,68.5,63.2,56.6,53.8,46.3,42.3,38.8,36.3,34.7,32.5,30.5
ZAF,South Africa,Median,78.4,80.9,83,84.3,84.6,84,81.5,75.4,69.6,62.3,59.3,51.2,47.1,43.6,41.3,40.3,38.5,37.1
ZAF,South Africa,Upper,87.7,90.3,92.5,94.1,94.5,93.8,91,84.1,77.4,69.2,65.7,56.8,52.5,49,46.9,46.5,45.3,44.5
ZMB,Zambia,Lower,153.4,144.9,134.5,123.3,112.4,102.7,95.1,90.2,85.5,80.2,74.6,70.2,65.5,60.7,55.3,50.4,46.3,42.5
ZMB,Zambia,Median,165.1,155.9,144.3,132.7,121.6,111.6,103.3,98.1,93.3,88,82.4,78.6,74.9,71.6,68,64.9,62.4,60
ZMB,Zambia,Upper,177.6,167.8,155.1,142.9,131.1,120.9,112.2,106.7,101.8,96.8,91.4,88,85.6,84.5,83.2,82.7,82.7,82.5
ZWE,Zimbabwe,Lower,92.8,91.8,90.9,90.5,90.8,91,91.9,90.8,88.3,84.3,79.4,73.3,65.8,58,50.9,45,39.8,35.6
ZWE,Zimbabwe,Median,101.8,100.8,100.1,99.4,99.4,99.6,100.3,99.4,96.9,92.7,87.5,81.2,73.8,66.8,61.1,57,53.3,50.3
ZWE,Zimbabwe,Upper,111.3,110.6,109.7,108.8,108.5,108.6,109.3,108.6,106.1,102.1,96.7,90,82.8,76.7,72.8,70.9,68.9,67.9