Country Name,Country Code,2000,2001,2002,2003,2004,2005,2006,2007,2008,2009,2010,2011,2012,2013,2014,2015,2016,2017
Aruba,ABW,20620.70063,20670.65566,20434.29944,20834.5102,22567.82492,23302.83199,24014.94427,25921.02605,27546.89939,24631.43486,24271.94042,25324.72036,24709.60226,25018.30895,25528.40378,25796.38025,25251.63968,25655.10202
Afghanistan,AFG,,117.4096908,187.845095,198.7285436,219.1413528,250.2941299,272.563077,369.835796,373.3611163,445.8932979,553.3002894,603.5370231,669.0090509,631.7449706,612.0696514,584.0259021,561.7787463,550.0684588
Angola,AGO,555.2969419,526.168743,711.181716,779.4683056,1041.086844,1443.991929,2062.415149,2878.837144,3868.578883,3347.84485,3529.053482,4299.012889,4598.249988,4804.616884,4709.312024,3695.793748,3110.808183,4100.289786
Albania,ALB,1175.788981,1326.970339,1453.642777,1890.681557,2416.588235,2709.142931,3005.012903,3603.013685,4370.539647,4114.136545,4094.358832,4437.178068,4247.614308,4414.72314,4575.763787,3954.022783,4146.89625,4537.579056
Andorra,AND,21435.9264,22037.36055,24518.34306,32438.6839,38255.9505,41185.98902,43666.98514,48510.46728,47712.29908,43215.68701,39627.66352,40919.18328,38167.09575,40215.43532,,,,39146.54884
Arab World,ARB,2589.64845,2495.366312,2462.791442,2721.615721,3117.660806,3745.79093,4336.718583,4937.598218,6114.039959,5157.252898,5916.329624,6856.593678,7341.239892,7435.889121,7446.369661,6430.071957,6153.069547,6235.420578
United Arab Emirates,ARE,33071.26869,31061.52935,31311.35936,33230.52318,36161.17061,39439.80197,42372.22166,42672.61323,45758.90554,33072.57517,35049.14832,40462.31209,42112.23565,43350.64268,44449.74035,39101.74689,37622.20746,40698.84934
Argentina,ARG,7669.273916,7170.694674,2579.193168,3330.437006,4251.574348,5076.883829,5878.761027,7193.61764,8953.359275,8161.306966,10276.2605,12726.90836,12969.70712,12976.63642,12245.25645,13467.10236,12449.21685,14398.35877
Armenia,ARM,622.7427477,694.4305119,783.2616099,930.1661567,1191.96192,1643.758397,2158.002909,3138.808703,4010.026997,2993.832531,3218.381655,3526.978143,3684.80481,3843.591213,3994.712355,3609.654776,3606.152057,3936.79832
American Samoa,ASM,,,8751.766529,8914.525433,8639.308855,8508.406915,8456.947997,8980.536414,9871.997194,12058.26382,10352.82276,10375.99422,11660.32953,11553.69121,11508.55927,11541.85498,,11394.4753
Antigua and Barbuda,ATG,9875.161736,9358.154162,9386.716452,9739.82556,10352.8374,11371.93895,12724.39377,14252.29452,14703.31923,13012.46692,12126.87614,11929.34991,12565.44197,12224.86416,12888.29667,13566.90541,14353.37881,14803.01093
Australia,AUS,21690.921,19517.84168,20081.81763,23465.38559,30472.37977,34016.71483,36118.28381,40991.98289,49664.68504,42742.99898,51874.08048,62245.10029,67677.63477,67792.30386,62214.60912,56554.03876,49927.81951,53793.53726
Austria,AUT,24517.26745,24489.73553,26351.37568,32102.93055,36693.40262,38242.04252,40430.99361,46586.65025,51386.37665,47654.18721,46657.0629,51126.74139,48333.57273,50504.71532,51322.63997,43665.00947,44176.51522,47380.82964
Azerbaijan,AZE,655.0974326,703.6838434,763.0730858,883.6439965,1045.02163,1578.40239,2473.085776,3851.437869,5574.603802,4950.294791,5842.805784,7189.691229,7496.335728,7875.756953,7891.299776,5500.310382,3876.936433,4135.138601
Burundi,BDI,135.9984455,133.7427689,122.4335893,112.8493703,127.4296648,150.5070434,165.8794176,170.7999005,196.2472628,204.9446502,231.1943256,260.4799073,265.2856051,282.7555252,312.7489794,303.6810223,285.7274421,292.0052103
Belgium,BEL,23207.40591,23121.56635,25052.33028,30743.95693,35589.71295,36967.28292,38852.36103,44403.83131,48424.58927,44880.56015,44380.23741,47702.77415,44740.5717,46510.38647,47439.39684,40356.875,41096.1573,43467.4459
Benin,BEN,374.1923942,378.736054,418.6985763,519.2922847,583.4093514,601.799977,625.830092,706.0535419,820.1513498,793.45243,757.6959074,825.9427854,837.9505001,915.2674586,943.686575,783.947091,789.4404107,827.3936794
Burkina Faso,BFA,226.4759814,235.4912324,260.7635413,332.3443051,371.3230865,406.9988071,422.6332374,475.1100122,569.7612784,552.7455521,575.4464527,666.8402783,673.8227,699.0452847,705.1464113,615.592225,649.7304837,642.0371483
Bangladesh,BGD,405.6033071,402.5981152,400.6135745,432.7388972,460.7579167,484.1554071,494.0501466,541.0651484,615.7775411,681.1205368,757.6717572,835.7893401,856.342857,951.8894535,1084.56543,1210.15812,1358.779752,1516.51327
Bulgaria,BGR,1609.280586,1764.907387,2087.534843,2710.468024,3381.507837,3893.68998,4513.13628,5932.899677,7296.122479,6955.987733,6843.263289,7813.803499,7378.025539,7674.860559,7853.335191,6993.47736,7350.795801,8228.01157
Bahrain,BHR,13636.34668,12868.211,13102.33457,14221.99259,15846.47641,17959.17854,19307.99549,20977.11053,23067.56535,19356.67236,20722.10389,22810.10242,23649.36661,25010.18329,24983.37902,22688.87824,22354.16707,23739.15717
"Bahamas, The",BHS,21241.2367,21497.52091,22506.35114,22009.20043,21996.40649,23405.45302,23719.10788,24301.24325,23652.33053,22037.10801,21921.55906,21523.97372,22575.59019,22590.39338,22550.23301,22888.13405,23124.38655,30762.01244
Bosnia and Herzegovina,BIH,1461.75052,1524.412022,1761.537647,2214.732246,2650.642661,2968.411806,3404.321698,4180.292176,5075.316064,4697.809732,4611.470298,5050.156834,4716.673325,5035.86555,5193.904932,4574.090787,4708.718261,5148.208517
Belarus,BLR,1276.288034,1244.373185,1479.383142,1819.525644,2378.339207,3126.071767,3848.215966,4735.484827,6376.183153,5176.172649,6030.388707,6519.710753,6940.243915,7978.825443,8318.429294,5949.110677,4989.254611,5733.30721
Belize,BLZ,3364.423711,3419.275719,3556.561825,3679.909523,3831.538019,3933.332215,4187.37803,4324.876427,4470.220796,4258.788611,4344.150177,4516.24675,4673.63848,4688.538443,4852.223666,4849.997495,4810.565902,4971.201636
Bermuda,BMU,56284.16865,58883.95943,62583.1002,66111.72523,70359.31911,75882.03386,83912.6978,90849.58698,93605.74817,88463.31282,88207.32756,85973.15842,85458.45551,85748.06541,,,,
Bolivia,BOL,1007.002869,958.2366524,913.5756423,917.3643105,978.3346485,1046.427384,1233.594435,1389.634888,1736.935051,1776.866476,1981.160705,2377.675918,2645.227753,2947.938526,3124.00031,3077.026199,3104.956089,3393.955818
Brazil,BRA,3739.119036,3146.950177,2819.649531,3059.587582,3623.047667,4770.182746,5860.145975,7313.557962,8787.610375,8553.38047,11224.15408,13167.47289,12291.46685,12216.90446,12026.61731,8757.206202,8649.948492,9812.278531
Barbados,BRB,11568.11011,11513.87189,11675.39395,12028.50447,12868.86309,14223.86576,15646.05591,16462.48556,16570.32028,16523.32388,15905.91232,15534.15704,15384.8749,15472.7814,15359.66971,15557.83081,16096.89259,16356.98011
Brunei Darussalam,BRN,18008.44826,16468.12886,16846.02198,18555.56649,21896.60527,26102.13345,30980.96692,32672.36717,37951.2806,27965.47504,35268.10117,47017.0273,47651.25909,44597.27968,41590.86502,30967.89051,26938.50338,28290.5852
Bhutan,BTN,765.8632358,807.9387673,885.6382245,997.7417141,1097.457088,1247.061392,1335.456906,1741.142552,1795.181307,1770.234497,2178.921383,2458.045976,2422.008016,2350.882889,2522.796008,2613.645177,2804.000223,3130.233543
Botswana,BWA,3349.068823,3128.097793,3055.618382,4163.065906,4896.583835,5351.253732,5374.554867,5714.047937,5623.379566,5185.729845,6346.156204,7645.214609,7029.231453,7007.625783,7497.762376,6532.060501,6788.042745,7595.611141
Central African Republic,CAF,243.5429317,243.1586486,253.7068343,286.2508019,313.210598,327.1149461,347.6073678,397.1480467,456.8614334,449.9601839,446.4434494,494.3306779,486.410114,337.4849614,377.1320274,348.381417,382.2131743,418.411287
Canada,CAN,24124.16917,23691.59472,24167.80431,28172.14883,31979.87195,36189.58838,40386.69948,44544.5268,46596.33599,40773.45436,47447.47602,52082.21076,52496.69487,52413.72116,50440.43376,43315.70044,42157.92799,44870.77616
Central Europe and the Baltics,CEB,3943.987822,4342.857257,4922.109778,5941.171573,7161.448082,8342.436299,9461.098659,11951.68715,14489.15052,12197.87382,12556.93917,13882.73542,12996.3408,13704.56665,14125.86185,12411.07162,12657.3868,14176.86571
Switzerland,CHE,37813.23426,38538.64447,41336.72192,47960.56497,53255.97631,54797.54663,57348.92788,63223.46778,72119.56087,69672.00471,74276.71842,87998.44468,83164.38795,84658.88768,85814.58857,80989.84024,78812.65069,80342.84634
Channel Islands,CHI,43299.40114,41610.13058,44159.21077,48226.39668,55844.11669,57210.73229,62261.82801,73569.64496,,,,,,,,,,
Chile,CHL,5101.368479,4595.666327,4463.545867,4787.699532,6210.828325,7615.30468,9484.681227,10526.87746,10781.36608,10243.32824,12860.17764,14705.69242,15431.90293,15941.39722,14817.37778,13653.2264,13792.92605,15346.4497
China,CHN,959.3721081,1053.108024,1148.508057,1288.642924,1508.668462,1753.4178,2099.229676,2695.366223,3471.247547,3838.434292,4560.512487,5633.796106,6337.882993,7077.770594,7683.502038,8069.211938,8123.180873,8826.994096
Cote d'Ivoire,CIV,642.254714,656.834565,710.9611683,865.789649,919.8068028,931.754287,951.9478956,1065.896375,1242.431044,1217.749206,1219.749096,1214.703946,1262.480218,1423.682282,1569.928275,1420.626884,1526.197175,1537.504031
Cameroon,CMR,608.0414399,614.6729339,676.3976061,824.8689393,930.2011716,952.1872484,1002.989164,1110.701186,1233.524316,1203.195308,1182.869227,1295.649726,1255.648189,1365.34419,1441.140107,1244.429421,1032.648722,1451.865747
"Congo, Dem. Rep.",COD,405.4696531,153.6995733,175.1360715,173.9163518,194.1667863,218.5235092,252.8430454,280.1217437,318.1201341,292.6284114,318.0757516,357.4834938,398.1406948,420.87049,461.5680853,474.9360481,444.5053168,462.7795441
"Congo, Rep.",COG,998.1968921,842.7090677,886.3616653,998.1013117,1289.337837,1637.064381,2012.11007,2111.209489,2881.594292,2255.332879,2737.342365,3196.647534,2952.052348,2964.573152,2910.520153,1712.121131,1528.24483,1654.010322
Colombia,COL,2472.197831,2395.856551,2355.725857,2246.257472,2740.249442,3386.0256,3709.078776,4674.21961,5433.72045,5148.422113,6250.655044,7227.73968,7884.984429,8030.58603,7913.383432,6044.525556,5805.605335,6408.920012
Comoros,COM,375.8528566,395.9319363,433.2691451,544.5066526,616.4197236,621.9033702,648.3008717,720.7593013,795.9705019,778.5454199,769.1742883,829.7586885,788.632653,834.3410949,852.9543079,727.6463868,775.0800847,1312.333925
Cabo Verde,CPV,1239.377855,1268.884564,1373.515636,1768.921302,1976.458506,2048.13459,2304.289902,3112.285712,3638.905946,3444.5566,3312.825985,3670.429453,3408.482762,3558.796314,3529.618403,2954.119467,2997.75268,3244.409561
Costa Rica,CRI,3808.363689,3981.528047,4062.014965,4167.714107,4425.507467,4697.011135,5245.187372,6120.623418,6911.136136,6809.396224,8199.414621,9186.59639,9985.36959,10569.66631,10647.44179,11406.36273,11824.6381,11677.26904
Caribbean small states,CSS,4938.532599,5043.494048,5275.617967,5621.26785,6130.263788,6898.778285,7697.176479,8503.255402,9641.410665,8059.695503,8701.583469,9352.573111,9592.779948,9654.56647,9597.558084,9271.364771,8769.641649,9448.224139
Cuba,CUB,2741.110542,2832.188893,2994.339988,3192.669378,3390.716256,3779.05707,4669.060916,5184.494227,5376.447622,5484.7763,5676.141403,6075.924306,6425.941119,6760.15344,7050.50199,7602.261218,,8433.092699
Curacao,CUW,,,,,,,,,,,,,,,,,,
Cayman Islands,CYM,,,,,,,64100.9077,,,,,,,,,,,
Cyprus,CYP,14672.88206,15062.92433,16372.29152,20293.40789,23932.49128,25324.48666,27169.99256,31386.63265,35390.70488,32105.8159,30818.46396,32233.83942,28951.15556,27907.96736,27340.88382,23075.1127,23324.20174,25658.79966
Czech Republic,CZE,5994.528277,6594.717465,8011.898074,9741.058384,11667.63212,13317.72983,15159.14115,18333.9459,22649.37934,19698.49209,19764.01554,21717.45794,19729.87051,19916.01939,19744.55861,17556.9243,18266.54969,20379.89604
Germany,DEU,23718.7467,23687.31689,25205.16445,30359.95215,34165.93403,34696.62092,36447.87232,41814.8191,45699.19832,41732.70725,41785.55691,46810.32796,44065.24891,46530.91143,47902.65288,41176.88158,41936.05858,44665.50637
Djibouti,DJI,768.1760767,781.2322196,792.15412,819.974118,864.1847206,904.7297489,965.6693779,1047.586896,1214.077118,1253.657431,1325.990724,1430.986898,1536.150685,1622.637974,1740.915011,1862.167274,,1927.589706
Dominica,DMA,4820.107567,4924.922784,4836.384921,4994.667402,5325.046981,5244.033732,5513.16071,5939.053585,6446.663832,6866.224899,6912.435714,6985.532327,6744.567106,7022.750665,7257.395143,7069.502788,7144.454673,6719.337166
Denmark,DNK,30743.55917,30751.64946,33228.69291,40458.77064,46511.60457,48799.82037,52026.99311,58487.04501,64322.06664,58163.29359,58041.41122,61753.66007,58507.50021,61191.19263,62425.5392,53014.64416,53417.66428,57218.85196
Dominican Republic,DOM,2802.420042,2862.154836,3008.465078,2372.628827,2421.096062,3681.059903,3836.468771,4647.310359,5011.037937,4952.677503,5451.06696,5759.0643,5968.876767,6027.055544,6268.692122,6468.471648,6722.223536,7052.258839
Algeria,DZA,1757.017797,1732.857979,1774.033673,2094.335506,2598.908023,3100.122378,3464.610079,3935.183343,4905.254866,3868.83123,4463.394675,5432.250203,5564.82566,5471.866766,5470.851007,4132.760292,3843.752322,4055.247211
East Asia & Pacific (excluding high income),EAP,958.2275205,1009.927342,1107.819717,1243.193206,1429.786281,1640.151665,1958.345175,2458.680923,3089.768511,3328.470927,4008.175818,4864.576139,5387.908975,5905.389866,6304.610974,6514.616205,6586.077744,7126.330372
Early-demographic dividend,EAR,1319.889063,1280.919911,1222.804198,1344.428834,1536.269143,1762.84505,1985.615393,2320.982644,2577.850413,2440.345378,2918.784661,3240.127598,3322.534107,3354.888268,3375.658748,3237.128484,3240.724515,3530.385625
East Asia & Pacific,EAS,4051.694011,3734.924892,3762.157335,4103.130421,4566.472945,4833.571691,5087.217636,5649.697592,6479.052497,6630.443905,7677.795457,8842.558955,9400.029868,9445.001895,9662.432037,9541.144659,9786.468143,10367.79943
Europe & Central Asia (excluding high income),ECA,1813.342178,1806.728721,2068.785101,2615.230472,3444.238761,4343.651604,5312.265531,6841.426722,8436.825523,6613.476812,7822.755234,9548.097617,9984.825787,10491.19978,9887.735413,7518.759638,7136.901298,7949.48258
Europe & Central Asia,ECS,11609.94629,11709.96011,12785.0111,15534.97875,18056.92455,19172.63322,20687.72896,24088.04199,26325.92753,23056.929,23515.28637,25975.01712,24901.23891,25870.41354,26135.2771,22347.20402,22108.51128,23488.46399
Ecuador,ECU,1451.290776,1903.741571,2183.966796,2440.46898,2708.557892,3021.942547,3350.786541,3590.718086,4274.952065,4255.565701,4657.302361,5223.351763,5702.104313,6074.090829,6432.216537,6205.062224,5968.984138,6273.488892
"Egypt, Arab Rep.",EGY,1428.183004,1370.717438,1210.229249,1120.874928,1045.943208,1168.115231,1375.196316,1640.476068,2011.246154,2291.667062,2602.479549,2747.480327,3181.441708,3213.389158,3327.754247,3547.713012,3514.490097,2412.727082
Euro area,EMU,20189.0172,20441.10134,22132.18892,27158.57724,30980.64058,31985.29093,33797.63094,38712.1148,42226.84293,38482.28388,37610.82843,40613.22038,37593.15416,39097.59064,39765.19375,34213.51214,34866.09607,36984.31126
Eritrea,ERI,208.1969487,215.1392103,201.7687981,232.7945459,287.4222243,276.7508096,297.8280588,317.3294336,326.0825642,430.7544499,482.1490904,582.7755302,,,,,,
Spain,ESP,14676.70609,15323.6114,17019.53541,21495.70741,24918.64584,26510.71745,28482.60948,32709.40104,35578.73619,32333.4661,30736.00228,31834.21816,28562.29324,29210.09342,29600.47225,25683.84565,26528.49179,28208.30041
Estonia,EST,4070.032827,4498.957027,5308.347781,7174.237415,8850.465115,10338.31322,12595.41065,16586.4052,18094.54805,14726.31828,14638.60482,17454.84342,17421.89022,19029.7746,19941.45532,17074.92091,17574.68736,20200.37559
Ethiopia,ETH,123.8762057,120.1789279,111.3634356,118.8734466,135.7623858,161.6266248,193.7949056,243.3026822,325.3825543,379.7566385,341.3099092,354.8463544,468.5067249,502.1535887,571.1622759,645.4637627,706.7577541,767.5634778
European Union,EUU,18229.55141,18400.50767,20006.69568,24270.13266,27917.03876,29079.12604,30902.70134,35568.53816,38097.79753,33936.55819,33658.09787,36389.08523,34194.35316,35536.86208,36579.69918,32047.74924,32058.77358,33836.44744
Fragile and conflict affected situations,FCS,635.2207441,569.6207037,540.7768568,598.7971676,673.3290252,796.8977803,911.078808,1093.30624,1377.520141,1251.8725,1453.7164,1546.095017,1627.913888,1699.637379,1746.52115,1546.674042,1471.014651,1608.798658
Finland,FIN,24253.25042,24913.24452,26834.02625,32816.16088,37636.11173,38969.17163,41120.67651,48288.5491,53401.31487,47107.15571,46202.41516,50790.72415,47415.55987,49638.07713,49914.61864,42405.39744,43090.24751,45804.65421
Fiji,FJI,2076.013308,2038.891729,2259.055796,2835.973972,3332.918533,3658.630832,3749.939813,4078.82327,4177.657789,3369.408247,3651.966784,4353.121392,4546.738504,4763.068956,5046.03728,4921.896209,5153.351544,5589.388833
France,FRA,22465.64184,22527.31775,24275.2426,29691.18158,33874.74255,34879.72633,36544.50853,41600.58397,45413.06571,41631.13141,40703.34279,43810.20088,40838.02444,42554.12205,42955.24287,36526.77011,36854.96828,38484.18992
Faroe Islands,FRO,22479.57899,24300.3786,26553.74656,30993.07706,34979.0817,35847.39379,40719.72341,47024.22253,49772.86588,46521.79095,47398.11361,50788.93943,48422.00754,53612.71345,,,,
"Micronesia, Fed. Sts.",FSM,2170.92021,2240.021462,2257.773665,2293.579614,2247.795491,2352.683717,2393.845804,2435.246198,2501.384023,2669.400731,2838.530729,2998.874048,3148.074935,3044.546875,3057.943566,3016.011223,3068.507771,3187.556848
Gabon,GAB,4116.460693,3976.104887,4102.55271,4892.011618,5685.577736,6741.293948,7027.777345,8352.817101,10094.02746,7603.660223,8754.113376,10716.20258,9774.181017,9679.742995,9692.163874,7388.984144,7179.340661,7413.795207
United Kingdom,GBR,27769.93125,27284.22404,29603.46576,34007.88876,39824.76181,41524.06554,44016.72641,49949.15488,46523.26545,38010.10045,38709.91166,41240.42486,41538.30726,42407.37101,46412.11727,43929.69081,39899.38839,39953.57306
Georgia,GEO,691.9977101,733.9704142,779.3845935,928.0108227,1207.367228,1530.057521,1872.680416,2492.12878,3174.949001,2706.588512,2964.477034,3725.063221,4142.869175,4274.376857,4429.650075,3764.640912,3853.649904,4045.418967
Ghana,GHA,263.1124679,273.6596668,309.4844703,373.2815537,423.1936389,498.1723904,922.9351677,1090.686718,1224.401554,1086.765038,1312.607557,1574.978653,1629.800222,1814.492297,1432.227943,1361.113905,1513.461034,2046.109986
Gibraltar,GIB,,,,,,,,,,,,,,,,,,
Guinea,GIN,340.0516918,315.8398003,322.811171,370.1931781,386.3288283,303.424498,296.6803082,409.456775,437.4467238,436.6895539,438.7513346,459.2009012,502.3485646,540.1693204,561.0997387,554.0408766,508.1450784,823.4937155
"Gambia, The",GMB,635.5637584,541.0558913,440.9474786,359.6521781,413.8398773,432.1929061,439.3423674,519.0452794,607.9479735,549.317956,562.8517527,517.7942063,506.3853433,486.0795247,442.7466899,474.7165587,473.1904363,709.077158
Guinea-Bissau,GNB,297.7519443,309.486749,321.4813204,360.5718585,393.3138244,424.9534585,418.9445004,481.0694976,583.5445622,544.2220779,543.9574108,692.6009989,607.7518833,610.5663047,642.6256154,596.8717189,620.2147647,723.6094119
Equatorial Guinea,GNQ,1702.684901,2283.879039,2711.170114,3577.176197,6085.348907,10850.63334,12732.02759,15761.83913,22742.38159,16530.20937,17136.44568,21451.88617,21557.6528,20246.99308,19002.59733,10347.31257,8333.238263,9697.630234
Greece,GRC,12042.95373,12538.17883,14110.31339,18477.57841,21955.10409,22551.73574,24801.15781,28827.32636,31997.28201,29710.9703,26917.75898,25916.29353,22242.68193,21874.8195,21673.78107,18007.78991,18103.96932,18885.47598
Grenada,GRD,5117.589923,5109.958715,5292.232379,5773.073577,5836.177063,6754.512393,6764.722867,7322.596862,7946.944346,7395.088125,7365.666659,7410.408438,7583.187002,7955.615985,8569.776998,9212.192824,9469.219181,10451.02988
Greenland,GRL,19004.10729,19275.47334,20652.87833,24801.65903,28497.52016,29088.82683,32035.08065,36232.68274,41022.99421,41277.46789,40532.5081,44212.44114,42398.63367,43967.15016,45317.11429,39569.10579,,
Guatemala,GTM,1655.596261,1568.376276,1701.771491,1753.349471,1872.737083,2077.83438,2256.56724,2489.955836,2794.221809,2635.753474,2825.52407,3187.845296,3299.605139,3452.828934,3687.763767,3923.573344,4146.744129,4470.989572
Guam,GUM,,,21536.5039,22572.50466,24396.10624,26495.87758,26555.6452,27540.83913,29056.497,30025.56035,30700.43401,30862.11,32499.23425,33446.60951,34578.51609,35439.47045,,35675.79417
Guyana,GUY,946.0599372,925.5825046,960.8674827,986.7958173,1045.58861,1098.455216,1945.630905,2327.058324,2576.124957,2716.35256,3026.281212,3439.597513,3785.935665,3944.178173,4030.802321,4136.689919,4456.553697,4655.144448
High income,HIC,25755.80633,25340.82135,26235.64002,29221.5162,32304.08871,33920.88413,35531.33586,38531.31193,40584.10079,37756.6082,39310.39722,42219.06666,41991.62725,42192.35097,42780.34247,40078.05414,40677.68352,41352.35816
"Hong Kong SAR, China",HKG,25756.66378,25230.21633,24665.89,23977.01945,24928.10037,26649.7508,28224.21506,30594.01784,31515.66277,30697.34038,32549.99823,35142.48793,36707.77423,38357.82676,40247.36691,42351.0246,43681.14058,46193.61452
Honduras,HND,1088.783165,1130.405046,1132.872001,1157.30427,1217.657961,1311.741714,1437.628785,1592.572182,1751.595857,1815.489496,1932.85829,2120.584798,2178.383025,2136.773905,2242.711912,2326.158506,2361.15762,2480.125929
Heavily indebted poor countries (HIPC),HPC,326.4889259,301.7222747,318.7052466,352.4254041,393.4305974,442.0727633,513.4694823,594.1940819,696.3124781,688.2895822,735.022349,799.4415613,837.8669905,882.5291294,912.5077355,877.1027627,861.5101555,972.247915
Croatia,HRV,4919.628069,5245.421419,6053.716037,7805.881418,9365.742468,10224.24059,11363.41845,13546.69872,15893.86056,14157.14416,13505.74586,14539.18421,13235.97757,13574.74009,13467.46827,11579.66704,12090.66656,13386.51286
Haiti,HTI,462.4806524,413.7383164,393.0163027,329.7820946,387.9429725,465.3101876,505.4706206,615.8198192,674.7564147,668.2976046,662.2795182,740.9358452,766.8437623,810.2656073,830.1148117,814.5463952,739.5954363,765.6839246
Hungary,HUN,4623.406712,5270.805364,6650.644003,8396.253023,10259.52606,11161.72441,11398.76584,13842.60549,15669.25929,12967.16543,13025.53379,14048.87958,12834.32349,13613.60147,14117.97668,12365.62603,12664.84744,14278.8745
IBRD only,IBD,1451.116723,1453.762199,1460.104861,1630.905481,1919.538846,2269.875443,2663.014106,3280.226277,3900.96705,3747.014583,4506.611248,5278.635447,5534.607982,5804.921096,5921.518242,5541.775122,5498.824674,6053.866925
IDA & IBRD total,IBT,1224.067068,1219.792202,1226.173503,1366.000762,1600.643645,1883.294225,2205.041879,2696.938891,3197.807687,3065.295447,3688.144248,4295.095344,4494.66547,4707.454464,4803.124945,4489.783682,4435.508344,4854.592063
IDA total,IDA,392.0735354,372.8312266,390.3159141,431.5323808,489.9351442,553.6705401,650.1280266,741.3040216,870.6148285,838.4160864,1052.003977,1166.3974,1229.469384,1306.866879,1383.761925,1315.992511,1268.101681,1326.450177
IDA blend,IDB,484.3964747,457.4777394,486.5985282,542.5271533,639.7830064,737.5824357,905.3952182,1011.967474,1177.022251,1070.764515,1545.425773,1730.249021,1859.123576,1975.033374,2096.193875,1917.199693,1754.204613,1734.024323
Indonesia,IDN,780.0920744,747.9817455,899.5556857,1064.509447,1148.569096,1260.928834,1586.20504,1855.093915,2160.527606,2254.445606,3113.480635,3634.276805,3687.953996,3620.663981,3491.595887,3336.106686,3570.294888,3846.415709
IDA only,IDX,346.2416721,330.987459,342.7196365,376.7398515,415.7790737,462.6380645,523.4791082,607.3156304,719.5902548,726.4840066,803.2148764,881.0878458,909.3906558,966.8426708,1020.659246,1010.67792,1023.47332,1125.769214
Isle of Man,IMN,21551.77936,22059.72362,25688.4634,30366.03975,36608.45177,39033.70012,43482.35943,73153.32375,74203.13176,63635.79365,67690.56567,75117.9942,79028.04498,82356.82337,89941.64429,,,
India,IND,438.8646304,447.0138966,466.2008042,541.1352279,621.3183767,707.008019,792.0259698,1018.166373,991.4846304,1090.317765,1345.770153,1461.671957,1446.98541,1452.195373,1573.118089,1613.188708,1709.387921,1979.364301
Not classified,INX,,,,,,,,,,,,,,,,,,
Ireland,IRL,26241.91883,28223.55528,32539.01937,41107.15532,47631.06377,50886.82789,54326.09713,61388.17457,61235.40105,51983.78892,48538.58776,52567.52568,49231.36254,52034.76736,55503.32623,60664.1044,61606.48294,68885.45038
"Iran, Islamic Rep.",IRN,1657.169748,1890.991526,1892.036143,2231.342796,2638.679075,3121.844906,3631.243047,4685.121719,5452.489671,5414.456355,6273.378441,7842.434673,7680.600644,6607.068354,5424.309974,4957.581276,,5593.853783
Iraq,IRQ,,,,,1391.816923,1849.603911,2351.812429,3129.224922,4521.03247,3735.144836,4502.749048,5854.614497,6651.12242,6925.224046,6703.074737,4974.02693,4609.600694,5017.968065
Iceland,ISL,31813.37344,28585.9254,31996.20172,39044.09099,46917.27216,56249.75055,56103.54115,68348.31817,55575.29196,40461.89251,41676.44527,46000.02017,44333.85018,47810.30888,52473.11356,50734.4436,59976.94257,71311.78512
Israel,ISR,21052.10432,20306.19646,18431.15696,18946.99942,19888.172,20611.17931,21905.01769,25008.6037,29657.44201,27795.87671,30661.99004,33657.15727,32569.59683,36393.66932,37582.84624,35729.37253,37292.61222,40543.58417
Italy,ITA,20051.2426,20400.8109,22196.50736,27387.2258,31174.56118,31959.26215,33410.7482,37698.78573,40640.18465,36976.84512,35849.37364,38334.68477,34814.12436,35370.27441,35396.66517,30049.14755,30527.2682,32110.02726
Jamaica,JAM,3360.870402,3394.800708,3596.496282,3465.221998,3719.97351,4082.240762,4313.160082,4620.517913,4902.492378,4293.383274,4682.728424,5103.549487,5210.303363,5006.144952,4855.743789,4965.989857,4868.248263,5114.041081
Jordan,JOR,1657.889256,1728.260509,1812.288374,1889.213962,2061.456882,2203.083787,2537.30049,2762.806354,3385.609665,3492.130906,3679.190275,3807.324145,3870.753211,3992.867107,4066.940775,4096.099275,4087.937517,4129.751664
Japan,JPN,38532.04088,33846.46564,32289.35054,34808.39092,37688.72234,37217.64873,35433.98896,35275.22843,39339.29757,40855.17564,44507.67639,48167.99727,48603.47665,40454.44746,38096.21151,34474.13736,38894.46773,38430.29124
Kazakhstan,KAZ,1229.000958,1490.926751,1658.031146,2068.123657,2874.288291,3771.278957,5291.57565,6771.414797,8513.564645,7165.27705,9070.649972,11634.42422,12387.18982,13890.85601,12806.56511,10509.98107,7510.077209,9030.318806
Kenya,KEN,403.9797132,401.7763612,395.8493511,436.6875357,458.8843551,519.7999346,697.0066385,839.1081117,916.8992515,920.0816252,967.3400773,987.4453967,1155.020582,1229.114798,1335.06458,1349.970144,1455.359765,1594.834926
Kyrgyz Republic,KGZ,279.6205233,308.4087767,321.726538,380.5073624,433.2351189,476.55213,543.1107024,721.7686908,966.3936272,871.2243893,880.0377751,1123.883168,1177.974735,1282.437162,1279.769783,1121.082835,1077.036174,1220.473498
Cambodia,KHM,300.6850949,321.2263004,339.0676984,362.4213785,408.6105184,474.2238766,539.8791529,631.675789,745.7877873,738.2326684,785.6928841,882.4901462,950.0244132,1028.419568,1098.687123,1163.18977,1269.907238,1384.423187
Kiribati,KIR,796.7937634,734.9492461,826.585504,1015.038605,1130.602806,1214.556667,1151.555618,1357.632211,1413.30234,1297.285141,1493.16051,1692.613277,1763.815497,1724.361737,1684.504274,1424.483611,1449.058231,1594.29287
St. Kitts and Nevis,KNA,9267.754945,10025.61636,10358.27279,9847.603546,10476.36357,11173.76056,12928.6329,13538.92858,14681.36684,14212.33957,13704.25445,14483.44351,13965.55811,14823.74859,15775.84594,16144.97781,16725.27965,17924.06546
"Korea, Rep.",KOR,11947.57913,11252.90755,12782.52553,14209.38852,15907.66583,18639.52221,20888.38015,23060.70788,20430.63946,18291.9196,22086.95292,24079.78852,24358.78218,25890.01867,27811.36638,27105.07623,27538.80613,29742.83886
Kuwait,KWT,18389.38433,16540.96761,17789.41981,22071.56961,26921.08278,35490.26132,42717.55725,45793.97614,55571.99806,37567.30121,38497.61696,48268.5912,51264.07134,48399.90581,42996.40812,28975.40108,,29040.36371
Latin America & Caribbean (excluding high income),LAC,4141.572963,3970.631986,3484.282366,3530.363931,4018.527774,4823.396534,5591.825327,6556.265271,7580.830903,7024.057155,8641.608853,9719.758004,9665.192518,9776.496851,9708.143056,8148.633593,7803.427624,8346.412653
Lao PDR,LAO,324.8450496,326.6408434,319.8270584,362.6252958,417.7516561,475.4164695,590.3013108,709.767087,899.4950787,948.1276421,1141.127115,1304.384015,1588.635866,1838.794779,2017.563344,2159.422978,2353.152875,2457.377414
Lebanon,LBN,5334.903329,5253.122599,5436.595223,5425.66907,5424.22356,5339.441291,5372.065899,6014.271115,7012.775759,8400.268878,8763.826274,8734.900653,8787.946608,8406.285153,8161.4614,8046.632851,7914.004677,8808.589448
Liberia,LBR,183.4149991,174.1815473,177.2851087,133.4945108,149.4452549,168.6480254,178.927099,210.3733292,232.061732,303.0667491,327.4205097,379.6895803,415.0361958,454.1222236,458.4651734,452.0380717,455.3707414,694.3195828
Libya,LBY,7145.628494,6269.580123,3705.442638,4676.967503,5806.083604,8171.361651,9344.987518,11308.56661,14396.04865,10296.97353,12120.56217,5602.549434,,,,,,5978.042926
St. Lucia,LCA,4996.267719,4693.861534,4684.104534,5117.859195,5504.479,5810.177324,6424.257427,6877.518168,7014.985314,6905.251306,7196.041342,7367.020393,7428.806631,7503.428129,7857.276796,8076.113132,7744.445173,9715.194786
Latin America & Caribbean,LCN,4310.139304,4143.036094,3664.97953,3724.372452,4246.385183,5075.116104,5877.191587,6845.634068,7859.904316,7299.886119,8943.0981,10047.17641,10021.23162,10154.67122,10052.77417,8492.733544,8156.590738,9271.592224
Least developed countries: UN classification,LDC,309.9631717,287.6225438,302.668347,334.0258923,374.1523255,427.2983816,488.0415549,580.2359766,704.8066449,704.3832867,777.3871006,863.072041,894.7982602,946.7258037,1002.48533,971.1153341,960.0742711,1072.665601
Low income,LIC,266.5891328,234.20173,246.0276433,262.7777854,291.323282,327.3206076,353.3552958,410.0263257,480.6615751,497.5484592,517.8028102,568.6102913,595.535809,624.7519405,656.1662413,625.6173857,615.0728017,787.6614514
Liechtenstein,LIE,74624.55996,74005.01045,79035.53479,89469.75087,99848.61504,104994.0183,113983.1678,130267.2433,142973.8309,125945.0096,141165.0829,158283.0763,149295.646,173528.1505,179478.5848,,,
Sri Lanka,LKA,875.412178,837.6990787,873.1472436,989.4547732,1074.606092,1259.807591,1448.76101,1644.816372,2054.489192,2106.681584,2819.511161,3220.992615,3350.521375,3610.289374,3820.540994,3844.89123,3835.394817,4073.736519
Lower middle income,LMC,570.979543,566.4238161,597.9983104,673.9359037,757.8607268,858.4626762,1004.224862,1216.548349,1346.664903,1358.292,1690.438872,1882.938227,1944.648155,1998.736617,2072.763831,2031.866444,2075.14175,2209.062654
Low & middle income,LMY,1176.746526,1170.895895,1177.574264,1312.896436,1536.315382,1806.23558,2117.59921,2592.322324,3073.486404,2962.932427,3574.057156,4169.553391,4375.093201,4583.844988,4681.736638,4386.288701,4334.007644,4670.29123
Lesotho,LSO,474.8197876,437.8190184,407.8093905,603.636279,781.5145936,862.9463118,915.7757504,918.4327017,934.4208563,923.1360931,1173.260212,1352.384303,1281.50016,1196.01335,1174.839214,1073.828093,998.1343716,1154.444246
Late-demographic dividend,LTE,1664.650429,1708.193987,1797.276054,2035.985998,2431.360183,2914.214444,3494.886953,4374.499333,5404.931182,5191.877256,6194.903862,7501.298523,7965.669246,8526.591957,8811.362469,8200.776001,8144.64578,8980.592498
Lithuania,LTU,3297.354701,3530.147337,4146.987928,5505.535669,6706.966998,7863.162009,9240.642548,12297.91535,14961.56818,11837.39103,11984.86857,14357.73679,14341.08306,15712.82376,16554.97139,14252.42853,14879.6803,16809.64826
Luxembourg,LUX,48735.99549,48179.42085,52930.64115,65445.88503,75716.35108,80289.69641,89739.7117,106018.4928,114293.8433,103198.6693,104965.3061,115761.5077,106749.0136,113751.8005,119172.7418,101909.8223,102831.3215,104498.7387
Latvia,LVA,3352.731296,3572.80513,4132.349207,5134.905694,6351.080125,7558.742006,9667.9757,14044.01589,16348.53121,12219.37379,11326.21947,13702.68947,13822.80559,15032.22924,15725.01374,13666.58336,14118.06391,15684.55852
"Macao SAR, China",MAC,15702.85553,15547.87353,16312.63772,17809.59815,22453.19235,25058.53593,29979.85447,36402.56051,40667.88423,40881.38064,52374.79445,66813.34974,76496.36619,89524.84436,94004.38983,75573.48071,73186.96014,80892.82133
St. Martin (French part),MAF,,,,,,,,,,,,,,,,,,
Morocco,MAR,1332.382358,1336.775376,1413.757176,1721.973863,1948.812275,2013.755559,2191.478567,2494.353552,2884.94776,2861.554005,2834.20472,3039.916016,2904.746728,3111.762887,3154.513484,2847.285569,2832.429777,3022.92792
Monaco,MCO,82534.87377,82552.56745,89061.05067,108978.4897,123382.0149,126655.5981,135535.0024,170156.6944,192989.1895,152111.598,144246.3688,162009.8778,,,,,,
Moldova,MDA,354.0037319,407.7302432,458.6778168,548.2896867,720.9409321,831.2052862,950.6482044,1230.434685,1695.972811,1525.526119,1631.535832,1970.571373,2046.536787,2243.979662,2244.763762,1832.499052,1900.201479,2290.23515
Madagascar,MDG,245.9390659,278.5557032,262.2859481,316.7998965,245.1235876,274.8197023,292.1507443,377.8482928,470.733254,415.6893226,412.7309341,454.963464,443.9061001,461.7230722,452.4631926,401.8575951,401.3188701,449.7223819
Maldives,MDV,2182.997011,2980.067598,3020.307239,3432.247841,3853.333408,3488.493769,4428.522898,5002.862285,5828.621374,5970.16059,6330.79498,6497.550443,6541.070465,7112.33575,7716.204015,8395.785198,8601.632488,11151.06921
Middle East & North Africa,MEA,3049.618085,3003.453331,2936.281032,3245.761013,3697.425576,4366.550494,5006.134326,5800.93976,7094.53171,6189.336927,7075.594877,8299.195131,8689.334404,8642.947677,8436.965314,7350.734343,7124.688573,7373.779695
Mexico,MEX,6720.902113,7031.378864,7106.082019,6751.998987,7199.059665,7986.798439,8767.920258,9330.341687,9689.052887,7748.123301,8959.581416,9834.472689,9820.532572,10298.86766,10452.27766,9143.128494,8201.306253,8910.333177
Marshall Islands,MHL,2126.91386,2206.697584,2391.485486,2434.714867,2517.694051,2646.133897,2758.489189,2893.369359,2928.130147,2917.262997,3142.609442,3286.416581,3513.962364,3617.752354,3461.645053,3385.904065,3448.535786,3843.119884
Middle income,MIC,1265.878091,1263.640602,1272.008169,1421.644249,1666.982598,1962.660489,2305.757559,2827.700659,3356.956416,3235.701169,3913.22049,4573.469083,4803.85864,5039.635738,5152.034291,4831.532381,4781.420377,5182.819069
"Macedonia, FYR",MKD,1854.145956,1815.920091,1961.203736,2408.80011,2762.561701,3037.754585,3325.613242,4036.140237,4793.292959,4543.890244,4542.904104,5064.041106,4698.689476,5211.4992,5469.217898,4834.136723,5237.14767,5414.614823
Mali,MLI,269.3483829,306.8473237,334.2024016,391.7912801,439.3572924,487.9402556,521.6425796,595.6368319,689.6784228,697.0153124,708.3707632,835.0889098,777.3476868,777.6059139,825.5729915,729.7205338,780.5071109,827.0064008
Malta,MLT,11039.05651,11021.78636,11843.93902,13689.98999,15109.05497,15835.34667,16671.5672,19375.5696,21928.70067,20675.58259,21087.79469,22821.8407,21930.80836,23930.18808,26180.92599,23819.4636,25058.17061,26748.20741
Myanmar,MMR,193.1874804,138.9249275,143.7760051,219.782326,219.8156688,247.2427006,296.9007284,410.4500001,643.9513703,741.0777116,987.7365832,1186.423937,1171.508257,1168.803947,1262.893782,1194.590137,1275.017608,1256.660675
Middle East & North Africa (excluding high income),MNA,1607.890245,1634.326636,1559.051733,1728.645041,1945.854198,2255.179123,2573.939569,3115.507626,3788.403802,3580.653159,4061.413671,4614.810531,4790.862173,4615.982237,4373.828063,3933.950105,,3791.753562
Montenegro,MNE,1627.042893,1909.583957,2106.243274,2789.10735,3380.199535,3674.617924,4383.595097,5957.145693,7325.703474,6698.079439,6682.281158,7318.742449,6586.719209,7186.429787,7378.345289,6461.192554,6701.00008,7784.06529
Mongolia,MNG,474.2133361,524.0145924,571.501883,646.0561295,797.8377432,998.8226671,1334.651896,1634.081431,2139.625631,1717.898761,2650.353659,3769.595255,4368.082248,4385.379355,4181.583321,3944.180039,3686.451698,3717.473389
Northern Mariana Islands,MNP,,,18672.83277,18376.79096,18427.42488,16644.70382,16048.50214,15761.26225,16350.05485,14279.55599,14681.02308,13628.08166,13980.41625,14434.82123,15348.46148,16819.9066,,28888.00232
Mozambique,MOZ,277.6486591,256.4414872,262.8840551,283.8911588,336.3318145,369.1545359,385.7567141,422.1461573,503.1277109,463.852618,419.2258149,526.5313517,566.0513873,605.9856081,623.2871141,528.3125597,382.0693304,426.2219619
Mauritania,MRT,477.4761024,464.229758,460.9542322,528.5806613,602.547286,697.7451989,944.1304851,1013.31028,1167.535689,1046.838051,1203.383675,1393.261593,1364.283745,1450.578038,1326.668802,1158.256469,1077.556136,1136.764591
Mauritius,MUS,3861.032414,3792.182152,3957.512906,4623.347642,5229.876738,5116.045424,5695.969327,6574.654338,8030.063005,7318.12641,8000.376432,9197.026972,9291.227619,9637.00265,10153.93822,9252.110724,9627.595785,10490.50397
Malawi,MWI,153.2594872,146.7615397,290.9798977,260.1052517,274.2256294,280.3673842,297.6971211,320.2227274,372.842678,420.7379657,458.8681744,512.1254051,374.5018802,332.9223039,354.7253961,362.6575444,300.7948251,338.4844303
Malaysia,MYS,4045.170471,3915.115046,4167.364387,4463.675893,4955.477743,5593.822995,6222.982955,7269.17114,8513.629541,7326.744435,9071.356987,10405.12062,10779.49641,10882.27842,11183.96191,9643.644683,9502.568396,9951.544153
North America,NAC,35242.0642,35942.43627,36794.85361,38550.0799,40948.23418,43514.08192,45849.04082,47723.72747,48232.31001,46394.38485,48289.7003,50024.8203,51560.70464,52755.77925,54187.49409,54918.08328,55927.85589,58407.38221
Namibia,NAM,2057.995057,1834.294086,1713.047594,2482.36862,3288.257373,3573.146387,3881.209535,4202.510968,4029.065061,4153.497885,5191.583081,5600.971392,5749.404752,5488.131712,5421.343953,4737.669906,4140.461932,5230.771726
New Caledonia,NCL,12579.59511,,,,,,,,,,,,,,,,,
Niger,NER,158.4055972,165.2507247,177.8208384,215.8050408,232.5661574,250.0383731,258.0463873,292.55962,354.8185998,341.2894618,348.151511,375.5819866,391.5155024,416.1400838,430.6046498,358.9970301,363.2269739,378.0592523
Nigeria,NGA,379.1193264,351.7996666,459.4572117,512.650719,648.8150852,807.8938738,1019.743286,1136.829645,1383.893354,1097.661422,2327.32067,2527.942003,2755.297787,2996.964302,3221.678128,2655.157977,2177.98517,1968.425523
Nicaragua,NIC,1016.020743,1043.600758,1010.147277,1015.565314,1091.505157,1175.116225,1240.992617,1344.301871,1518.805386,1464.497754,1526.497938,1682.957924,1792.038045,1847.198049,1975.464707,2095.966488,2151.382047,2221.806445
Netherlands,NLD,25921.12794,26584.12169,28817.32321,35245.16407,39954.64222,41577.16009,44453.97119,51241.31562,56928.82048,51900.34009,50338.25483,53540.60536,49474.70561,51574.48942,52157.40687,44292.88473,45294.78,48482.76621
Norway,NOR,38146.71539,38549.58934,43061.15038,50111.65445,57570.26916,66775.3944,74114.69715,85128.65759,96880.50961,80017.77681,87646.75346,100574.9861,101563.7027,102910.435,97005.49856,74505.24654,70812.47742,75704.2487
Nepal,NPL,231.4255004,248.6183539,246.3075621,253.7200412,287.4001056,317.089198,348.6314534,393.8843518,473.8444409,480.7200909,592.1835216,692.1166842,681.7925868,688.6172788,706.2386977,743.7653489,729.5325011,849.0110426
Nauru,NRU,,,,,,,,2028.063733,3914.956935,4416.728353,4912.599558,7233.946609,10099.422,10036.18321,9872.638314,8052.888385,7821.298918,8844.742806
New Zealand,NZL,13641.10272,13882.85683,16874.31232,21913.70817,25420.39935,27750.89515,26670.86452,32509.73471,31287.77865,28200.94193,33691.34837,38426.55081,39970.25624,42889.88141,44503.24673,38201.89037,39426.6235,42583.08473
OECD members,OED,23659.63502,23275.07485,24115.43005,26830.12608,29656.76368,31126.9115,32576.88491,35346.18822,37121.26365,34481.87088,35889.11989,38363.45357,38044.64842,38252.27732,38738.82896,36280.54091,36741.36108,38283.35952
Oman,OMN,8601.185906,8476.610511,8629.101774,9069.810206,10129.28886,12376.97936,14408.0505,15805.13226,22075.03536,16784.34616,19280.74739,20986.00036,22134.91006,21268.7564,20458.45226,16627.36433,14982.35792,15267.44502
Other small states,OSS,4355.718915,4251.123457,4500.521096,5469.794626,6640.15467,7878.109342,9035.957783,10775.76204,12831.72149,10740.19843,12186.30734,14720.79199,15017.67629,15316.03511,15452.42229,12555.74778,11965.56091,13211.78863
Pakistan,PAK,533.8624114,510.6568157,499.8600033,563.594342,649.8048233,711.4699463,873.7702727,950.4327931,1039.312088,1006.603999,1040.142268,1226.215314,1261.208967,1272.441061,1316.980966,1431.244865,1468.192946,1547.853414
Panama,PAN,4060.299035,4046.372833,4126.140671,4267.13578,4591.892776,4916.54886,5348.518399,6068.086607,6973.92804,7429.628274,7937.259931,9270.723171,10589.82713,11685.97983,12593.73704,13134.04367,13680.23601,15196.39734
Peru,PER,1996.719689,1981.243653,2059.192958,2180.250997,2448.143899,2754.780029,3171.498056,3611.21047,4208.878011,4166.093387,5022.493191,5771.565878,6387.785281,6583.116248,6491.05245,6030.343259,6045.650077,6571.928645
Philippines,PHL,1038.910977,957.2807441,1000.068135,1010.553196,1079.03715,1194.697155,1391.772325,1672.685433,1919.466195,1825.341521,2129.499242,2352.518156,2581.818554,2760.289146,2842.938353,2878.33837,2951.071929,2988.952703
Palau,PLW,7786.179922,8245.722531,8352.917135,8116.751269,8851.747122,9710.640008,9729.162502,9743.487771,9793.355745,9163.307443,8978.993649,9704.35458,10318.91319,10932.12237,11894.37755,13500.5637,13626.00567,13338.09655
Papua New Guinea,PNG,631.9468526,539.0041528,511.6650773,588.3582595,637.3616215,770.5773486,854.3469021,956.6608952,1178.702469,1166.66337,1366.879112,1770.867119,2071.318741,2029.953604,2182.716565,,,2488.899697
Poland,POL,4492.727604,4981.198619,5196.932921,5693.52416,6681.178818,8021.251569,9040.770206,11260.31852,14001.44688,11527.59323,12599.52486,13893.18768,13145.10484,13780.54911,14341.6705,12565.9876,12372.41706,13863.54842
Pre-demographic dividend,PRE,382.1614781,352.1240285,404.0754068,453.8188228,534.1355541,642.9702167,779.9945704,927.8713845,1150.58626,1017.574209,1359.964472,1527.562896,1630.96372,1731.064103,1796.558788,1517.467971,1358.75149,1433.813358
Puerto Rico,PRI,16192.1296,18243.71775,18972.76853,19820.20729,20988.99233,21959.32271,22935.94115,23664.88235,24898.33884,25768.73605,26435.74019,27278.87489,27811.54815,28703.74835,,,,
"Korea, Dem. Peopleâ€™s Rep.",PRK,,,,,,,,,,,,,,,,,,
Portugal,PRT,11502.39681,11729.14616,12882.28897,15772.7334,18045.5881,18784.9485,19821.44463,22780.05845,24815.60884,23063.97161,22538.65408,23196.18375,20577.40264,21618.73534,22077.53613,19220.00681,19813.30825,21291.43121
Paraguay,PRY,1545.626423,1417.260582,1148.229882,1174.779347,1408.527976,1507.145691,1809.710539,2312.192926,3059.992184,2599.596259,3225.591754,3988.011894,3855.537735,4479.905858,4712.822736,4109.367724,4080.204644,5823.766137
West Bank and Gaza,PSE,1476.17185,1335.553195,1156.217473,1257.69857,1337.565724,1455.187875,1441.4617,1575.5634,1855.45702,1963.201519,2338.719877,2664.951385,2787.169738,2992.200995,2960.778004,2865.805109,2943.404534,3094.725747
Pacific island small states,PSS,1755.740409,1699.980205,1767.866656,2051.46672,2344.207487,2544.067974,2641.331369,2859.239552,3040.740789,2643.564012,2891.657505,3383.344674,3570.319075,3641.374476,3769.465088,3635.985916,3720.736631,3996.72394
Post-demographic dividend,PST,25752.40005,25390.1767,26348.92713,29412.72902,32514.17329,34047.35587,35617.43545,38627.86706,40561.49962,37991.20564,39432.99023,42211.56319,41960.15789,42131.00068,42728.42811,40163.05084,40873.19473,42683.07439
French Polynesia,PYF,14530.7772,,,,,,,,,,,,,,,,,
Qatar,QAT,29986.29015,28430.63635,29990.65492,34176.98183,41818.35256,51488.49529,60256.55926,67005.61258,82967.37228,61478.23813,70306.22784,85948.07046,88564.82298,88304.87958,86852.71019,66346.52267,59330.85999,63249.42243
Romania,ROU,1668.162731,1839.72945,2124.873613,2774.955806,3552.92452,4676.315183,5828.745662,8214.185378,10136.47356,8220.108329,8297.483621,9200.277825,8558.397606,9585.266593,10020.27733,8958.788593,9474.130604,10819.24402
Russian Federation,RUS,1771.586602,2100.362386,2375.059044,2975.132778,4102.372294,5323.473877,6920.194398,9101.253085,11635.26037,8562.809598,10674.98771,14212.06087,15154.45687,15543.67653,14125.9061,9329.298351,8748.364504,10749.05607
Rwanda,RWA,216.172747,201.0569654,196.5097078,212.6619491,236.9114381,287.0931877,342.3656294,404.8533039,500.6687264,539.1538211,563.4910487,617.3107648,678.0796973,688.8768557,706.5699517,710.3483907,702.8356016,748.2920943
South Asia,SAS,443.3858408,446.7641742,461.4072817,529.4439209,603.4967986,680.0542073,765.3266456,953.7910318,956.5931121,1035.974166,1252.12462,1373.649425,1370.346004,1386.542422,1496.713766,1550.86325,1639.712259,1870.161523
Saudi Arabia,SAU,9126.954277,8643.494004,8655.311531,9567.458285,11138.80746,13739.82945,15334.66994,16472.16605,20037.83234,16094.2931,19259.58726,23770.74739,25303.09462,24934.38614,24575.40304,20732.86172,20028.64821,20849.29137
Sudan,SDN,361.0305843,377.5254454,412.1517561,477.7384078,565.0569459,679.7539949,893.8793645,1115.6952,1291.528826,1226.884381,1476.478087,1666.857757,1892.894352,1955.660799,2176.898029,2513.884661,2415.038162,2898.549346
Senegal,SEN,473.4500338,481.2870397,513.026227,642.7663113,733.0581811,773.8698713,809.8038296,950.3978522,1100.336708,1020.566464,1001.631377,1080.253021,1036.405018,1048.912351,1052.443873,908.7256145,958.0737379,1329.304228
Singapore,SGP,23792.60707,21577.07823,22016.83279,23573.62804,27405.27136,29869.85398,33579.85948,39223.58187,39721.04818,38577.55822,46569.67951,53166.67581,54431.16199,56029.18914,56336.07234,53629.73746,52960.71419,57714.29663
Solomon Islands,SLB,1054.518572,944.81684,784.9562874,744.7657423,818.442619,880.8748508,948.6592511,1046.931125,1205.791067,1158.282672,1272.448025,1642.837974,1858.689868,1880.5159,2009.652622,1922.041388,2005.483643,2132.115068
Sierra Leone,SLE,139.3147734,227.7790471,249.9395402,263.7618312,263.1045817,287.6891942,322.313468,358.8274716,406.3759178,394.5932439,405.1284018,445.052005,561.8984239,710.8186998,708.4394757,587.5038233,496.0494634,499.5291033
El Salvador,SLV,2238.401016,2338.772244,2408.4125,2519.737387,2632.709942,2835.281237,3062.951768,3304.838107,3507.347674,3366.482133,3474.392445,3736.58713,3827.786267,3895.664491,3988.771871,4127.11775,4223.584579,3889.308769
San Marino,SMR,28226.26167,29364.06718,31291.81786,39411.15762,45637.00667,47038.87156,49604.9215,56295.40528,62596.94756,,,,,,,,,48888.02517
Somalia,SOM,,,,,,,,,,,,,,407.5432354,417.8900143,426.0098537,434.2088097,478.3441749
Serbia,SRB,870.1365252,1634.875061,2149.909404,2832.490652,3331.228766,3528.131008,4129.758741,5458.121718,6701.773913,5821.305397,5411.877404,6423.291783,5659.380204,6353.826383,6200.173221,5237.255334,5348.294064,5901.223013
Sub-Saharan Africa (excluding high income),SSA,548.5327859,497.3747222,519.1009552,646.0609227,782.265914,895.6734748,1018.584714,1153.309068,1281.631213,1197.224029,1551.020025,1699.119933,1734.32711,1776.493064,1812.549458,1590.962126,1448.747819,1573.497227
South Sudan,SSD,,,,,,,,,1678.711862,1264.789908,1562.239346,1706.090713,958.4550081,1186.101325,1151.861715,758.7205782,,
Sub-Saharan Africa,SSF,549.3909631,498.2282104,520.0356543,646.9667935,783.3131814,896.7842796,1019.774251,1154.47109,1282.662213,1198.094706,1551.967062,1700.137272,1735.385865,1777.807485,1813.83434,1592.244427,1449.997358,1574.766606
Small states,SST,4311.261094,4255.741778,4488.778947,5277.667103,6250.22889,7324.764905,8344.693053,9802.691753,11565.24452,9695.860806,10919.52311,12973.13789,13270.05071,13526.30097,13642.35546,11407.0247,10883.09281,11979.44727
Sao Tome and Principe,STP,,510.0216381,555.8185378,649.3402153,693.3045683,810.860157,843.8009447,894.0927988,1126.462102,1099.571046,1129.754961,1304.326189,1380.949959,1619.532678,1821.878734,1624.603963,1756.06147,1921.284473
Suriname,SUR,1888.61829,1598.077512,2232.513244,2603.139009,3006.48773,3595.088055,5207.90002,5761.39536,6858.163158,7443.850178,8303.31332,8318.97692,9272.413453,9484.568098,9564.406383,8818.982566,6484.432731,5317.389539
Slovak Republic,SVK,5402.929754,5708.082659,6524.861878,8696.913242,10654.79371,11669.41975,13139.03218,16057.73314,18650.35912,16512.98197,16600.61359,18187.15744,17274.6423,18191.61279,18595.15111,16089.74846,16495.98768,17579.2594
Slovenia,SVN,10227.73677,10479.29634,11814.09994,14880.47154,17260.90151,18169.18091,19726.1265,23841.31792,27501.81027,24633.79785,23437.47202,24985.24827,22486.47167,23150.31799,24020.67286,20729.86383,21304.57016,23601.40278
Sweden,SWE,29283.00505,26969.24457,29571.70446,36961.42537,42442.22045,43085.35315,46256.4716,53324.37937,55746.84238,46207.0592,52076.25591,59593.28711,57134.07707,60283.24522,59180.19898,50585.25847,51599.86887,53253.47664
Swaziland,SWZ,1637.450067,1437.634951,1324.996228,2020.994049,2529.633557,2873.862141,2937.360723,3047.48798,2842.438422,3032.517125,3690.239336,3934.273025,3851.501547,3598.705972,3464.035169,3136.92511,2775.153908,3242.751065
Sint Maarten (Dutch part),SXM,,,,,,,,,,,,,,,,,,
Seychelles,SYC,7578.851053,7663.13708,8331.261997,8524.961236,10176.65871,11092.51074,12014.39987,12154.82994,11122.86207,9706.95606,10804.68447,12189.09516,12845.17363,15687.34795,15570.77892,15390.04064,15075.71944,15629.30594
Syrian Arab Republic,SYR,1177.629268,1258.421953,1263.013455,1253.391403,1408.852738,1577.457182,1762.246107,2058.035209,,,,,,,,,,
Turks and Caicos Islands,TCA,,,,,,,,,,,,,,,,,,
Chad,TCD,166.0231785,197.3156442,220.8054821,292.5914364,454.6765879,660.2421396,712.1847694,801.683884,929.7702391,804.4559039,896.5697341,989.2363633,973.4702574,986.0103177,1025.998515,777.2487051,664.2956519,662.5001146
East Asia & Pacific (IDA & IBRD countries),TEA,968.5214203,1020.76888,1119.702935,1256.545766,1445.187261,1657.843989,1979.475163,2485.188667,3123.026903,3364.163251,4051.163864,4916.688093,5445.490242,5968.388494,6371.731391,6583.822474,6655.845797,7201.538993
Europe & Central Asia (IDA & IBRD countries),TEC,2048.81101,2085.762993,2343.828673,2885.633179,3728.200514,4665.841647,5638.320889,7227.061174,8921.348113,7039.934838,8234.343255,9920.94204,10254.67411,10770.39824,10263.52515,7942.031387,7573.197663,8489.240866
Togo,TGO,260.3932935,260.6394652,280.8032123,310.4370144,349.9937253,372.1721837,377.336029,420.7604743,513.391914,499.6468713,487.9238913,562.3393592,563.6894247,579.434805,620.1318489,551.1308346,578.4616936,610.1517301
Thailand,THA,2007.564826,1893.145377,2096.054617,2358.930629,2659.839108,2893.651356,3368.952576,3972.206475,4378.687406,4212.054902,5075.302176,5491.159981,5859.915622,6171.262444,5941.84071,5814.863134,5907.913432,6595.004125
Tajikistan,TJK,138.4366033,170.8159721,189.3878519,236.3014438,309.2801834,337.359236,404.2872665,520.035956,706.0914128,666.3458569,738.3475227,834.5412953,954.7205253,1040.214412,1104.459019,918.6771543,795.8438644,801.0508713
Turkmenistan,TKM,643.1750108,774.4763388,967.9017468,1283.885977,1453.917166,1704.51475,2136.66815,2600.371428,3904.467675,4036.459223,4439.203,5649.978486,6675.262954,7304.420525,7962.365824,6432.668768,6389.334143,6586.625863
Latin America & the Caribbean (IDA & IBRD countries),TLA,4225.979123,4037.644295,3538.16105,3589.91297,4114.148202,4949.774375,5749.539527,6729.166791,7761.299012,7181.893559,8861.671986,9983.455283,9948.465947,10075.95338,9965.700218,8379.778256,8044.149284,9108.508585
Timor-Leste,TLS,422.208633,506.4249869,480.6105052,471.4565823,467.5438297,478.331859,441.53226,524.8959363,643.719101,757.3114436,849.8626972,1014.56179,1117.77724,1107.765674,1153.515708,1161.760935,,2279.253204
Middle East & North Africa (IDA & IBRD countries),TMN,1609.105126,1637.432987,1563.378652,1733.7548,1952.553442,2264.048491,2586.569248,3132.797973,3810.35475,3599.124188,4081.234025,4637.487581,4814.396667,4634.991034,4390.410203,3946.376618,,3799.867898
Tonga,TON,2063.207236,1837.977391,1842.404421,2029.714718,2284.307858,2594.74999,2892.522663,2932.315883,3392.64743,3070.846563,3547.590975,4045.018866,4501.542462,4266.557174,4192.349758,4093.775387,3688.874636,3959.079757
South Asia (IDA & IBRD),TSA,443.3858408,446.7641742,461.4072817,529.4439209,603.4967986,680.0542073,765.3266456,953.7910318,956.5931121,1035.974166,1252.12462,1373.649425,1370.346004,1386.542422,1496.713766,1550.86325,1639.712259,1870.161523
Sub-Saharan Africa (IDA & IBRD countries),TSS,549.3909631,498.2282104,520.0356543,646.9667935,783.3131814,896.7842796,1019.774251,1154.47109,1282.662213,1198.094706,1551.967062,1700.137272,1735.385865,1777.807485,1813.83434,1592.244427,1449.997358,1574.766606
Trinidad and Tobago,TTO,6430.947262,6935.721451,7049.626612,8804.518666,10290.51914,12323.12705,14095.96337,16530.18044,21188.11857,14508.8796,16683.94578,19053.97067,19152.05301,19607.83283,19325.24283,17321.83373,15377.09881,16126.37095
Tunisia,TUN,2213.914088,2254.933126,2346.05937,2761.969249,3112.835029,3194.562243,3371.71231,3778.184171,4310.093026,4129.977335,4140.15177,4256.91279,4137.554021,4199.470253,4271.681702,3828.091589,3688.646375,3464.41689
Turkey,TUR,4316.553895,3119.637106,3660.00507,4718.501291,6040.72953,7384.354661,8034.869161,9709.490246,10850.68975,9036.499911,10672.05693,11341.13395,11720.30843,12542.93565,12127.22522,10979.52569,10787.60934,10546.15256
Tuvalu,TUV,1458.817097,1387.357543,1603.631992,1866.599625,2176.564747,2178.02921,2259.333279,2638.911845,2929.42164,2595.639908,3021.889528,3698.910096,3718.018711,3542.135089,3415.813158,2970.027974,3083.615251,3549.974741
Tanzania,TZA,306.7238273,304.339284,308.0565528,323.0721066,345.189237,442.2528543,471.5273761,528.063562,651.2624387,658.7579527,701.6045501,733.4128065,820.1562898,901.7314303,950.3743138,872.2940933,879.193814,958.4456832
Uganda,UGA,257.6303609,234.9840775,240.2423229,237.9995917,288.0236949,315.7880227,336.4593923,401.8508631,449.6928183,647.0107732,594.9972557,584.3962137,647.704741,662.4922903,719.172669,693.8963829,615.3088032,606.4684535
Ukraine,UKR,635.7089635,780.7380243,879.4750486,1048.522488,1367.352433,1828.717626,2303.018831,3068.608998,3891.037823,2545.480341,2965.142365,3569.757027,3855.42128,4029.715504,3104.658296,2124.662666,2185.728031,2639.824326
Upper middle income,UMC,1976.979164,1983.63792,1974.360024,2207.994505,2632.100117,3145.45915,3712.462278,4584.694068,5567.030705,5317.838418,6399.65448,7605.957484,8050.145902,8516.527381,8696.988523,8076.64872,7937.288209,8610.318837
Uruguay,URY,6871.897677,6281.377047,4088.768855,3622.052284,4117.308853,5220.951116,5877.876078,7009.697046,9062.312164,9415.170386,11938.212,14166.49908,15092.06819,16881.20568,16737.89827,15524.84247,15220.56603,16245.59837
United States,USA,36449.85512,37273.6181,38166.03784,39677.19835,41921.80976,44307.92058,46437.06712,48061.53766,48401.42734,47001.55535,48373.87882,49790.66548,51450.1223,52787.02695,54598.55069,56207.03675,57466.78711,59927.93029
Uzbekistan,UZB,558.221144,456.7034892,383.3494997,396.129969,465.1198869,546.7768502,654.2838373,830.4076942,1082.286025,1213.265328,1377.08214,1564.966945,1740.468298,1907.551233,2050.448414,2137.576852,2110.647872,1533.852038
St. Vincent and the Grenadines,VCT,3672.635267,3982.297759,4270.924902,4446.758618,4808.215911,5064.451065,5609.649007,5977.544681,6370.437886,6177.610514,6231.770232,6183.676822,6338.117781,6597.211381,6656.298315,6739.605825,7030.057145,7145.076837
"Venezuela, RB",VEN,4783.530592,4926.311339,3655.97562,3232.524276,4271.372404,5432.688675,6735.797588,8318.803399,11227.23138,11536.14939,13545.20584,10741.57638,12755.00008,12237.22406,,,,
British Virgin Islands,VGB,,,,,,,,,,,,,,,,,,
Virgin Islands (U.S.),VIR,,,30210.33565,31947.07869,35192.21862,41154.05653,41819.87001,44711.09539,39685.87463,39388.23133,40831.11408,40072.22264,38898.12396,35937.63426,34789.28674,36350.82163,,
Vietnam,VNM,433.3337078,448.8822788,477.1058763,530.8618505,606.9043783,699.4997775,796.6715738,919.2092656,1164.612525,1232.369674,1333.583524,1542.670436,1754.547974,1907.564382,2052.319084,2107.012927,2185.690282,2342.244003
Vanuatu,VUT,1469.849149,1362.601731,1353.934819,1580.502724,1787.947023,1886.433359,2047.097823,2393.367265,2697.961375,2643.441423,2965.802434,3275.091684,3158.58688,3167.343056,3148.365103,2805.83414,2860.566475,3123.614591
World,WLD,5482.634801,5378.820313,5514.318267,6114.832188,6800.556902,7271.05608,7775.611044,8651.148313,9371.487885,8775.391659,9509.365934,10443.93997,10539.39198,10709.47343,10850.22273,10130.18172,10150.78828,10748.71013
Samoa,WSM,1540.689023,1555.474051,1631.417027,1907.209417,2351.033814,2571.262348,2807.963899,3022.543121,3509.820223,3035.112838,3453.487434,3942.009827,4234.554443,4219.065123,4178.973369,4149.363444,4027.76137,4280.838915
Kosovo,XKX,1087.762401,1490.361033,1587.505829,1969.562713,2135.332847,2190.552079,2371.662079,2788.479464,3254.860674,3209.694109,3283.211938,3712.613666,3586.15377,3877.031087,4054.721339,3574.481782,3661.429847,3957.441819
"Yemen, Rep.",YEM,539.1043652,535.8330521,565.2083683,605.1647335,693.0835669,813.9643857,901.7599875,995.6284828,1203.720733,1093.812918,1309.23196,1349.42025,1421.171575,1580.181601,1647.033657,1401.903319,990.334774,1106.803906
South Africa,ZAF,3037.22503,2681.7081,2518.398261,3775.608275,4863.51688,5414.634326,5631.703485,6125.039984,5786.59972,5888.602084,7362.76139,8049.954224,7548.163698,6876.953821,6479.625659,5769.77258,5273.59388,6151.077955
Zambia,ZMB,341.9055625,378.2736238,377.1305244,429.1583434,530.2772217,691.3178164,1030.154199,1104.587985,1369.068249,1139.110233,1463.213573,1644.619672,1734.930612,1850.793359,1738.088202,1313.889646,1178.387905,1513.276316
Zimbabwe,ZWE,547.3588785,548.0587312,507.3480034,453.3511552,454.3606654,444.7605075,414.796232,396.9982166,325.6785703,605.824121,713.6035062,839.0927936,955.648466,1011.227396,1027.407462,1018.693083,1008.597331,1333.395663